#ifndef _VIDEO_FONT_DATA_24x48_
#define _VIDEO_FONT_DATA_24x48_

#define VIDEO_FONT_CHARS_24	    256
#define VIDEO_FONT_WIDTH_24	    24
#define VIDEO_FONT_HEIGHT_24    48
#define VIDEO_FONT_SIZE_24		(VIDEO_FONT_CHARS_24 * VIDEO_FONT_HEIGHT_24)

static u32 video_fontdata_24[VIDEO_FONT_SIZE_24] = {
    0x000000, 0x000000, 0x000000, 0x000000, 0x000000, 0x000000, 0x000000, 0x000000, 0x000000, 0x000000, 0x000000, 0x000000, 0x000000, 0x000000, 0x000000, 0x000000,
    0x000000, 0x000000, 0x000000, 0x000000, 0x000000, 0x000000, 0x000000, 0x000000, 0x000000, 0x000000, 0x000000, 0x000000, 0x000000, 0x000000, 0x000000, 0x000000,
    0x000000, 0x000000, 0x000000, 0x000000, 0x000000, 0x000000, 0x000000, 0x000000, 0x000000, 0x000000, 0x000000, 0x000000, 0x000000, 0x000000, 0x000000, 0x000000,/*"Unsupported",0*/

    0x000000, 0x000000, 0x000000, 0x000000, 0x000000, 0x000000, 0x000000, 0x000000, 0x000000, 0x000000, 0x000000, 0x000000, 0x000000, 0x000000, 0x000000, 0x000000,
    0x000000, 0x000000, 0x000000, 0x000000, 0x000000, 0x000000, 0x000000, 0x000000, 0x000000, 0x000000, 0x000000, 0x000000, 0x000000, 0x000000, 0x000000, 0x000000,
    0x000000, 0x000000, 0x000000, 0x000000, 0x000000, 0x000000, 0x000000, 0x000000, 0x000000, 0x000000, 0x000000, 0x000000, 0x000000, 0x000000, 0x000000, 0x000000,/*"Unsupported",1*/

    0x000000, 0x000000, 0x000000, 0x000000, 0x000000, 0x000000, 0x000000, 0x000000, 0x000000, 0x000000, 0x000000, 0x000000, 0x000000, 0x000000, 0x000000, 0x000000,
    0x000000, 0x000000, 0x000000, 0x000000, 0x000000, 0x000000, 0x000000, 0x000000, 0x000000, 0x000000, 0x000000, 0x000000, 0x000000, 0x000000, 0x000000, 0x000000,
    0x000000, 0x000000, 0x000000, 0x000000, 0x000000, 0x000000, 0x000000, 0x000000, 0x000000, 0x000000, 0x000000, 0x000000, 0x000000, 0x000000, 0x000000, 0x000000,/*"Unsupported",2*/

    0x000000, 0x000000, 0x000000, 0x000000, 0x000000, 0x000000, 0x000000, 0x000000, 0x000000, 0x000000, 0x000000, 0x000000, 0x000000, 0x000000, 0x000000, 0x000000,
    0x000000, 0x000000, 0x000000, 0x000000, 0x000000, 0x000000, 0x000000, 0x000000, 0x000000, 0x000000, 0x000000, 0x000000, 0x000000, 0x000000, 0x000000, 0x000000,
    0x000000, 0x000000, 0x000000, 0x000000, 0x000000, 0x000000, 0x000000, 0x000000, 0x000000, 0x000000, 0x000000, 0x000000, 0x000000, 0x000000, 0x000000, 0x000000,/*"Unsupported",3*/

    0x000000, 0x000000, 0x000000, 0x000000, 0x000000, 0x000000, 0x000000, 0x000000, 0x000000, 0x000000, 0x000000, 0x000000, 0x000000, 0x000000, 0x000000, 0x000000,
    0x000000, 0x000000, 0x000000, 0x000000, 0x000000, 0x000000, 0x000000, 0x000000, 0x000000, 0x000000, 0x000000, 0x000000, 0x000000, 0x000000, 0x000000, 0x000000,
    0x000000, 0x000000, 0x000000, 0x000000, 0x000000, 0x000000, 0x000000, 0x000000, 0x000000, 0x000000, 0x000000, 0x000000, 0x000000, 0x000000, 0x000000, 0x000000,/*"Unsupported",4*/

    0x000000, 0x000000, 0x000000, 0x000000, 0x000000, 0x000000, 0x000000, 0x000000, 0x000000, 0x000000, 0x000000, 0x000000, 0x000000, 0x000000, 0x000000, 0x000000,
    0x000000, 0x000000, 0x000000, 0x000000, 0x000000, 0x000000, 0x000000, 0x000000, 0x000000, 0x000000, 0x000000, 0x000000, 0x000000, 0x000000, 0x000000, 0x000000,
    0x000000, 0x000000, 0x000000, 0x000000, 0x000000, 0x000000, 0x000000, 0x000000, 0x000000, 0x000000, 0x000000, 0x000000, 0x000000, 0x000000, 0x000000, 0x000000,/*"Unsupported",5*/

    0x000000, 0x000000, 0x000000, 0x000000, 0x000000, 0x000000, 0x000000, 0x000000, 0x000000, 0x000000, 0x000000, 0x000000, 0x000000, 0x000000, 0x000000, 0x000000,
    0x000000, 0x000000, 0x000000, 0x000000, 0x000000, 0x000000, 0x000000, 0x000000, 0x000000, 0x000000, 0x000000, 0x000000, 0x000000, 0x000000, 0x000000, 0x000000,
    0x000000, 0x000000, 0x000000, 0x000000, 0x000000, 0x000000, 0x000000, 0x000000, 0x000000, 0x000000, 0x000000, 0x000000, 0x000000, 0x000000, 0x000000, 0x000000,/*"Unsupported",6*/

    0x000000, 0x000000, 0x000000, 0x000000, 0x000000, 0x000000, 0x000000, 0x000000, 0x000000, 0x000000, 0x000000, 0x000000, 0x000000, 0x000000, 0x000000, 0x000000,
    0x000000, 0x000000, 0x000000, 0x000000, 0x000000, 0x000000, 0x000000, 0x000000, 0x000000, 0x000000, 0x000000, 0x000000, 0x000000, 0x000000, 0x000000, 0x000000,
    0x000000, 0x000000, 0x000000, 0x000000, 0x000000, 0x000000, 0x000000, 0x000000, 0x000000, 0x000000, 0x000000, 0x000000, 0x000000, 0x000000, 0x000000, 0x000000,/*"Unsupported",7*/

    0x000000, 0x000000, 0x000000, 0x000000, 0x000000, 0x000000, 0x000000, 0x000000, 0x000000, 0x000000, 0x000000, 0x000000, 0x000000, 0x000000, 0x000000, 0x000000,
    0x000000, 0x000000, 0x000000, 0x000000, 0x000000, 0x000000, 0x000000, 0x000000, 0x000000, 0x000000, 0x000000, 0x000000, 0x000000, 0x000000, 0x000000, 0x000000,
    0x000000, 0x000000, 0x000000, 0x000000, 0x000000, 0x000000, 0x000000, 0x000000, 0x000000, 0x000000, 0x000000, 0x000000, 0x000000, 0x000000, 0x000000, 0x000000,/*"Unsupported",8*/

    0x000000, 0x000000, 0x000000, 0x000000, 0x000000, 0x000000, 0x000000, 0x000000, 0x000000, 0x000000, 0x000000, 0x000000, 0x000000, 0x000000, 0x000000, 0x000000,
    0x000000, 0x000000, 0x000000, 0x000000, 0x000000, 0x000000, 0x000000, 0x000000, 0x000000, 0x000000, 0x000000, 0x000000, 0x000000, 0x000000, 0x000000, 0x000000,
    0x000000, 0x000000, 0x000000, 0x000000, 0x000000, 0x000000, 0x000000, 0x000000, 0x000000, 0x000000, 0x000000, 0x000000, 0x000000, 0x000000, 0x000000, 0x000000,/*"Unsupported",9*/

    0x000000, 0x000000, 0x000000, 0x000000, 0x000000, 0x000000, 0x000000, 0x000000, 0x000000, 0x000000, 0x000000, 0x000000, 0x000000, 0x000000, 0x000000, 0x000000,
    0x000000, 0x000000, 0x000000, 0x000000, 0x000000, 0x000000, 0x000000, 0x000000, 0x000000, 0x000000, 0x000000, 0x000000, 0x000000, 0x000000, 0x000000, 0x000000,
    0x000000, 0x000000, 0x000000, 0x000000, 0x000000, 0x000000, 0x000000, 0x000000, 0x000000, 0x000000, 0x000000, 0x000000, 0x000000, 0x000000, 0x000000, 0x000000,/*"Unsupported",10*/

    0x000000, 0x000000, 0x000000, 0x000000, 0x000000, 0x000000, 0x000000, 0x000000, 0x000000, 0x000000, 0x000000, 0x000000, 0x000000, 0x000000, 0x000000, 0x000000,
    0x000000, 0x000000, 0x000000, 0x000000, 0x000000, 0x000000, 0x000000, 0x000000, 0x000000, 0x000000, 0x000000, 0x000000, 0x000000, 0x000000, 0x000000, 0x000000,
    0x000000, 0x000000, 0x000000, 0x000000, 0x000000, 0x000000, 0x000000, 0x000000, 0x000000, 0x000000, 0x000000, 0x000000, 0x000000, 0x000000, 0x000000, 0x000000,/*"Unsupported",11*/

    0x000000, 0x000000, 0x000000, 0x000000, 0x000000, 0x000000, 0x000000, 0x000000, 0x000000, 0x000000, 0x000000, 0x000000, 0x000000, 0x000000, 0x000000, 0x000000,
    0x000000, 0x000000, 0x000000, 0x000000, 0x000000, 0x000000, 0x000000, 0x000000, 0x000000, 0x000000, 0x000000, 0x000000, 0x000000, 0x000000, 0x000000, 0x000000,
    0x000000, 0x000000, 0x000000, 0x000000, 0x000000, 0x000000, 0x000000, 0x000000, 0x000000, 0x000000, 0x000000, 0x000000, 0x000000, 0x000000, 0x000000, 0x000000,/*"Unsupported",12*/

    0x000000, 0x000000, 0x000000, 0x000000, 0x000000, 0x000000, 0x000000, 0x000000, 0x000000, 0x000000, 0x000000, 0x000000, 0x000000, 0x000000, 0x000000, 0x000000,
    0x000000, 0x000000, 0x000000, 0x000000, 0x000000, 0x000000, 0x000000, 0x000000, 0x000000, 0x000000, 0x000000, 0x000000, 0x000000, 0x000000, 0x000000, 0x000000,
    0x000000, 0x000000, 0x000000, 0x000000, 0x000000, 0x000000, 0x000000, 0x000000, 0x000000, 0x000000, 0x000000, 0x000000, 0x000000, 0x000000, 0x000000, 0x000000,/*"Unsupported",13*/

    0x000000, 0x000000, 0x000000, 0x000000, 0x000000, 0x000000, 0x000000, 0x000000, 0x000000, 0x000000, 0x000000, 0x000000, 0x000000, 0x000000, 0x000000, 0x000000,
    0x000000, 0x000000, 0x000000, 0x000000, 0x000000, 0x000000, 0x000000, 0x000000, 0x000000, 0x000000, 0x000000, 0x000000, 0x000000, 0x000000, 0x000000, 0x000000,
    0x000000, 0x000000, 0x000000, 0x000000, 0x000000, 0x000000, 0x000000, 0x000000, 0x000000, 0x000000, 0x000000, 0x000000, 0x000000, 0x000000, 0x000000, 0x000000,/*"Unsupported",14*/

    0x000000, 0x000000, 0x000000, 0x000000, 0x000000, 0x000000, 0x000000, 0x000000, 0x000000, 0x000000, 0x000000, 0x000000, 0x000000, 0x000000, 0x000000, 0x000000,
    0x000000, 0x000000, 0x000000, 0x000000, 0x000000, 0x000000, 0x000000, 0x000000, 0x000000, 0x000000, 0x000000, 0x000000, 0x000000, 0x000000, 0x000000, 0x000000,
    0x000000, 0x000000, 0x000000, 0x000000, 0x000000, 0x000000, 0x000000, 0x000000, 0x000000, 0x000000, 0x000000, 0x000000, 0x000000, 0x000000, 0x000000, 0x000000,/*"Unsupported",15*/

    0x000000, 0x000000, 0x000000, 0x000000, 0x000000, 0x000000, 0x000000, 0x000000, 0x000000, 0x000000, 0x000000, 0x000000, 0x000000, 0x000000, 0x000000, 0x000000,
    0x000000, 0x000000, 0x000000, 0x000000, 0x000000, 0x000000, 0x000000, 0x000000, 0x000000, 0x000000, 0x000000, 0x000000, 0x000000, 0x000000, 0x000000, 0x000000,
    0x000000, 0x000000, 0x000000, 0x000000, 0x000000, 0x000000, 0x000000, 0x000000, 0x000000, 0x000000, 0x000000, 0x000000, 0x000000, 0x000000, 0x000000, 0x000000,/*"Unsupported",16*/

    0x000000, 0x000000, 0x000000, 0x000000, 0x000000, 0x000000, 0x000000, 0x000000, 0x000000, 0x000000, 0x000000, 0x000000, 0x000000, 0x000000, 0x000000, 0x000000,
    0x000000, 0x000000, 0x000000, 0x000000, 0x000000, 0x000000, 0x000000, 0x000000, 0x000000, 0x000000, 0x000000, 0x000000, 0x000000, 0x000000, 0x000000, 0x000000,
    0x000000, 0x000000, 0x000000, 0x000000, 0x000000, 0x000000, 0x000000, 0x000000, 0x000000, 0x000000, 0x000000, 0x000000, 0x000000, 0x000000, 0x000000, 0x000000,/*"Unsupported",17*/

    0x000000, 0x000000, 0x000000, 0x000000, 0x000000, 0x000000, 0x000000, 0x000000, 0x000000, 0x000000, 0x000000, 0x000000, 0x000000, 0x000000, 0x000000, 0x000000,
    0x000000, 0x000000, 0x000000, 0x000000, 0x000000, 0x000000, 0x000000, 0x000000, 0x000000, 0x000000, 0x000000, 0x000000, 0x000000, 0x000000, 0x000000, 0x000000,
    0x000000, 0x000000, 0x000000, 0x000000, 0x000000, 0x000000, 0x000000, 0x000000, 0x000000, 0x000000, 0x000000, 0x000000, 0x000000, 0x000000, 0x000000, 0x000000,/*"Unsupported",18*/

    0x000000, 0x000000, 0x000000, 0x000000, 0x000000, 0x000000, 0x000000, 0x000000, 0x000000, 0x000000, 0x000000, 0x000000, 0x000000, 0x000000, 0x000000, 0x000000,
    0x000000, 0x000000, 0x000000, 0x000000, 0x000000, 0x000000, 0x000000, 0x000000, 0x000000, 0x000000, 0x000000, 0x000000, 0x000000, 0x000000, 0x000000, 0x000000,
    0x000000, 0x000000, 0x000000, 0x000000, 0x000000, 0x000000, 0x000000, 0x000000, 0x000000, 0x000000, 0x000000, 0x000000, 0x000000, 0x000000, 0x000000, 0x000000,/*"Unsupported",19*/

    0x000000, 0x000000, 0x000000, 0x000000, 0x000000, 0x000000, 0x000000, 0x000000, 0x000000, 0x000000, 0x000000, 0x000000, 0x000000, 0x000000, 0x000000, 0x000000,
    0x000000, 0x000000, 0x000000, 0x000000, 0x000000, 0x000000, 0x000000, 0x000000, 0x000000, 0x000000, 0x000000, 0x000000, 0x000000, 0x000000, 0x000000, 0x000000,
    0x000000, 0x000000, 0x000000, 0x000000, 0x000000, 0x000000, 0x000000, 0x000000, 0x000000, 0x000000, 0x000000, 0x000000, 0x000000, 0x000000, 0x000000, 0x000000,/*"Unsupported",20*/

    0x000000, 0x000000, 0x000000, 0x000000, 0x000000, 0x000000, 0x000000, 0x000000, 0x000000, 0x000000, 0x000000, 0x000000, 0x000000, 0x000000, 0x000000, 0x000000,
    0x000000, 0x000000, 0x000000, 0x000000, 0x000000, 0x000000, 0x000000, 0x000000, 0x000000, 0x000000, 0x000000, 0x000000, 0x000000, 0x000000, 0x000000, 0x000000,
    0x000000, 0x000000, 0x000000, 0x000000, 0x000000, 0x000000, 0x000000, 0x000000, 0x000000, 0x000000, 0x000000, 0x000000, 0x000000, 0x000000, 0x000000, 0x000000,/*"Unsupported",21*/

    0x000000, 0x000000, 0x000000, 0x000000, 0x000000, 0x000000, 0x000000, 0x000000, 0x000000, 0x000000, 0x000000, 0x000000, 0x000000, 0x000000, 0x000000, 0x000000,
    0x000000, 0x000000, 0x000000, 0x000000, 0x000000, 0x000000, 0x000000, 0x000000, 0x000000, 0x000000, 0x000000, 0x000000, 0x000000, 0x000000, 0x000000, 0x000000,
    0x000000, 0x000000, 0x000000, 0x000000, 0x000000, 0x000000, 0x000000, 0x000000, 0x000000, 0x000000, 0x000000, 0x000000, 0x000000, 0x000000, 0x000000, 0x000000,/*"Unsupported",22*/

    0x000000, 0x000000, 0x000000, 0x000000, 0x000000, 0x000000, 0x000000, 0x000000, 0x000000, 0x000000, 0x000000, 0x000000, 0x000000, 0x000000, 0x000000, 0x000000,
    0x000000, 0x000000, 0x000000, 0x000000, 0x000000, 0x000000, 0x000000, 0x000000, 0x000000, 0x000000, 0x000000, 0x000000, 0x000000, 0x000000, 0x000000, 0x000000,
    0x000000, 0x000000, 0x000000, 0x000000, 0x000000, 0x000000, 0x000000, 0x000000, 0x000000, 0x000000, 0x000000, 0x000000, 0x000000, 0x000000, 0x000000, 0x000000,/*"Unsupported",23*/

    0x000000, 0x000000, 0x000000, 0x000000, 0x000000, 0x000000, 0x000000, 0x000000, 0x000000, 0x000000, 0x000000, 0x000000, 0x000000, 0x000000, 0x000000, 0x000000,
    0x000000, 0x000000, 0x000000, 0x000000, 0x000000, 0x000000, 0x000000, 0x000000, 0x000000, 0x000000, 0x000000, 0x000000, 0x000000, 0x000000, 0x000000, 0x000000,
    0x000000, 0x000000, 0x000000, 0x000000, 0x000000, 0x000000, 0x000000, 0x000000, 0x000000, 0x000000, 0x000000, 0x000000, 0x000000, 0x000000, 0x000000, 0x000000,/*"Unsupported",24*/

    0x000000, 0x000000, 0x000000, 0x000000, 0x000000, 0x000000, 0x000000, 0x000000, 0x000000, 0x000000, 0x000000, 0x000000, 0x000000, 0x000000, 0x000000, 0x000000,
    0x000000, 0x000000, 0x000000, 0x000000, 0x000000, 0x000000, 0x000000, 0x000000, 0x000000, 0x000000, 0x000000, 0x000000, 0x000000, 0x000000, 0x000000, 0x000000,
    0x000000, 0x000000, 0x000000, 0x000000, 0x000000, 0x000000, 0x000000, 0x000000, 0x000000, 0x000000, 0x000000, 0x000000, 0x000000, 0x000000, 0x000000, 0x000000,/*"Unsupported",25*/

    0x000000, 0x000000, 0x000000, 0x000000, 0x000000, 0x000000, 0x000000, 0x000000, 0x000000, 0x000000, 0x000000, 0x000000, 0x000000, 0x000000, 0x000000, 0x000000,
    0x000000, 0x000000, 0x000000, 0x000000, 0x000000, 0x000000, 0x000000, 0x000000, 0x000000, 0x000000, 0x000000, 0x000000, 0x000000, 0x000000, 0x000000, 0x000000,
    0x000000, 0x000000, 0x000000, 0x000000, 0x000000, 0x000000, 0x000000, 0x000000, 0x000000, 0x000000, 0x000000, 0x000000, 0x000000, 0x000000, 0x000000, 0x000000,/*"Unsupported",26*/

    0x000000, 0x000000, 0x000000, 0x000000, 0x000000, 0x000000, 0x000000, 0x000000, 0x000000, 0x000000, 0x000000, 0x000000, 0x000000, 0x000000, 0x000000, 0x000000,
    0x000000, 0x000000, 0x000000, 0x000000, 0x000000, 0x000000, 0x000000, 0x000000, 0x000000, 0x000000, 0x000000, 0x000000, 0x000000, 0x000000, 0x000000, 0x000000,
    0x000000, 0x000000, 0x000000, 0x000000, 0x000000, 0x000000, 0x000000, 0x000000, 0x000000, 0x000000, 0x000000, 0x000000, 0x000000, 0x000000, 0x000000, 0x000000,/*"Unsupported",27*/

    0x000000, 0x000000, 0x000000, 0x000000, 0x000000, 0x000000, 0x000000, 0x000000, 0x000000, 0x000000, 0x000000, 0x000000, 0x000000, 0x000000, 0x000000, 0x000000,
    0x000000, 0x000000, 0x000000, 0x000000, 0x000000, 0x000000, 0x000000, 0x000000, 0x000000, 0x000000, 0x000000, 0x000000, 0x000000, 0x000000, 0x000000, 0x000000,
    0x000000, 0x000000, 0x000000, 0x000000, 0x000000, 0x000000, 0x000000, 0x000000, 0x000000, 0x000000, 0x000000, 0x000000, 0x000000, 0x000000, 0x000000, 0x000000,/*"Unsupported",28*/

    0x000000, 0x000000, 0x000000, 0x000000, 0x000000, 0x000000, 0x000000, 0x000000, 0x000000, 0x000000, 0x000000, 0x000000, 0x000000, 0x000000, 0x000000, 0x000000,
    0x000000, 0x000000, 0x000000, 0x000000, 0x000000, 0x000000, 0x000000, 0x000000, 0x000000, 0x000000, 0x000000, 0x000000, 0x000000, 0x000000, 0x000000, 0x000000,
    0x000000, 0x000000, 0x000000, 0x000000, 0x000000, 0x000000, 0x000000, 0x000000, 0x000000, 0x000000, 0x000000, 0x000000, 0x000000, 0x000000, 0x000000, 0x000000,/*"Unsupported",29*/

    0x000000, 0x000000, 0x000000, 0x000000, 0x000000, 0x000000, 0x000000, 0x000000, 0x000000, 0x000000, 0x000000, 0x000000, 0x000000, 0x000000, 0x000000, 0x000000,
    0x000000, 0x000000, 0x000000, 0x000000, 0x000000, 0x000000, 0x000000, 0x000000, 0x000000, 0x000000, 0x000000, 0x000000, 0x000000, 0x000000, 0x000000, 0x000000,
    0x000000, 0x000000, 0x000000, 0x000000, 0x000000, 0x000000, 0x000000, 0x000000, 0x000000, 0x000000, 0x000000, 0x000000, 0x000000, 0x000000, 0x000000, 0x000000,/*"Unsupported",30*/

    0x000000, 0x000000, 0x000000, 0x000000, 0x000000, 0x000000, 0x000000, 0x000000, 0x000000, 0x000000, 0x000000, 0x000000, 0x000000, 0x000000, 0x000000, 0x000000,
    0x000000, 0x000000, 0x000000, 0x000000, 0x000000, 0x000000, 0x000000, 0x000000, 0x000000, 0x000000, 0x000000, 0x000000, 0x000000, 0x000000, 0x000000, 0x000000,
    0x000000, 0x000000, 0x000000, 0x000000, 0x000000, 0x000000, 0x000000, 0x000000, 0x000000, 0x000000, 0x000000, 0x000000, 0x000000, 0x000000, 0x000000, 0x000000,/*"Unsupported",31*/

    0x000000, 0x000000, 0x000000, 0x000000, 0x000000, 0x000000, 0x000000, 0x000000, 0x000000, 0x000000, 0x000000, 0x000000, 0x000000, 0x000000, 0x000000, 0x000000,
    0x000000, 0x000000, 0x000000, 0x000000, 0x000000, 0x000000, 0x000000, 0x000000, 0x000000, 0x000000, 0x000000, 0x000000, 0x000000, 0x000000, 0x000000, 0x000000,
    0x000000, 0x000000, 0x000000, 0x000000, 0x000000, 0x000000, 0x000000, 0x000000, 0x000000, 0x000000, 0x000000, 0x000000, 0x000000, 0x000000, 0x000000, 0x000000,/*" ",32*/

    0x000000, 0x000000, 0x000000, 0x000000, 0x000000, 0x000000, 0x000000, 0x001C00, 0x003C00, 0x003C00, 0x003C00, 0x003C00, 0x003C00, 0x003C00, 0x003C00, 0x003C00,
    0x003C00, 0x001C00, 0x001C00, 0x001800, 0x001800, 0x001800, 0x001800, 0x001800, 0x001800, 0x001800, 0x001800, 0x001800, 0x001800, 0x001800, 0x000000, 0x000000,
    0x000000, 0x000000, 0x000000, 0x000000, 0x003C00, 0x007E00, 0x007E00, 0x007E00, 0x003C00, 0x000000, 0x000000, 0x000000, 0x000000, 0x000000, 0x000000, 0x000000,/*"!",33*/

    0x000000, 0x000000, 0x000000, 0x007070, 0x00F8F8, 0x01F9F8, 0x01F9F8, 0x03F3F0, 0x03E3E0, 0x07C7C0, 0x078780, 0x0F0F00, 0x0E0E00, 0x1C1C00, 0x181800, 0x000000,
    0x000000, 0x000000, 0x000000, 0x000000, 0x000000, 0x000000, 0x000000, 0x000000, 0x000000, 0x000000, 0x000000, 0x000000, 0x000000, 0x000000, 0x000000, 0x000000,
    0x000000, 0x000000, 0x000000, 0x000000, 0x000000, 0x000000, 0x000000, 0x000000, 0x000000, 0x000000, 0x000000, 0x000000, 0x000000, 0x000000, 0x000000, 0x000000,/*""",34*/

    0x000000, 0x000000, 0x000000, 0x000000, 0x000000, 0x000000, 0x000000, 0x000000, 0x01C070, 0x01C070, 0x01C070, 0x018060, 0x018060, 0x018060, 0x018060, 0x018060,
    0x3FFFFE, 0x3FFFFE, 0x3FFFFE, 0x3FFFFE, 0x0380E0, 0x0380E0, 0x0380E0, 0x0380E0, 0x0380E0, 0x0380E0, 0x0380E0, 0x0300C0, 0x0300C0, 0x3FFFFE, 0x3FFFFE, 0x3FFFFE,
    0x3FFFFE, 0x0701C0, 0x0701C0, 0x0701C0, 0x0701C0, 0x0701C0, 0x0701C0, 0x0701C0, 0x0701C0, 0x000000, 0x000000, 0x000000, 0x000000, 0x000000, 0x000000, 0x000000,/*"#",35*/

    0x000000, 0x000000, 0x000000, 0x000000, 0x000000, 0x001C00, 0x001C00, 0x001C00, 0x007F80, 0x01FDE0, 0x039CF0, 0x079C70, 0x071C78, 0x0F1C78, 0x0F1CF8, 0x0F1CF8,
    0x0F1CF0, 0x0F9C00, 0x07DC00, 0x07FC00, 0x03FC00, 0x01FC00, 0x00FE00, 0x007F00, 0x003F80, 0x001FC0, 0x001FE0, 0x001FF0, 0x001DF0, 0x001CF8, 0x001CF8, 0x0F1C78,
    0x1F1C78, 0x1F1C78, 0x1F1C78, 0x1E1C78, 0x0E1C70, 0x0E1CF0, 0x071CE0, 0x039FC0, 0x00FF00, 0x001C00, 0x001C00, 0x001C00, 0x001C00, 0x001C00, 0x000000, 0x000000,/*"$",36*/

    0x000000, 0x000000, 0x000000, 0x000000, 0x000000, 0x000000, 0x000000, 0x000000, 0x0F8030, 0x1CC070, 0x38E060, 0x3060E0, 0x7070C0, 0x7070C0, 0x7071C0, 0x707180,
    0x707380, 0x707300, 0x707300, 0x707700, 0x707600, 0x386E00, 0x38EC00, 0x1DCC00, 0x0F9CF8, 0x0019DC, 0x003B8E, 0x00338E, 0x003306, 0x007707, 0x006707, 0x006707,
    0x00C707, 0x00C707, 0x01C707, 0x018707, 0x018707, 0x030306, 0x03038E, 0x0701DC, 0x0600F8, 0x000000, 0x000000, 0x000000, 0x000000, 0x000000, 0x000000, 0x000000,/*"%",37*/

    0x000000, 0x000000, 0x000000, 0x000000, 0x000000, 0x000000, 0x000000, 0x000000, 0x01F800, 0x03BC00, 0x079C00, 0x071E00, 0x0F1E00, 0x0F1E00, 0x0F1E00, 0x0F1E00,
    0x0F1E00, 0x0F1C00, 0x0F3C00, 0x0FB800, 0x07F800, 0x07F000, 0x07C000, 0x07C7FC, 0x0FC0F0, 0x1FE0E0, 0x3DE0E0, 0x39F0E0, 0x39F0E0, 0x78F8C0, 0x78F8C0, 0x787DC0,
    0x783DC0, 0x783F80, 0x781F80, 0x7C0F00, 0x3C0F83, 0x3E0FC7, 0x1F1FE6, 0x0FF9FE, 0x07E078, 0x000000, 0x000000, 0x000000, 0x000000, 0x000000, 0x000000, 0x000000,/*"&",38*/

    0x000000, 0x000000, 0x000000, 0x0F0000, 0x1F8000, 0x1FC000, 0x1FC000, 0x0FC000, 0x03C000, 0x03C000, 0x038000, 0x070000, 0x0F0000, 0x1E0000, 0x380000, 0x000000,
    0x000000, 0x000000, 0x000000, 0x000000, 0x000000, 0x000000, 0x000000, 0x000000, 0x000000, 0x000000, 0x000000, 0x000000, 0x000000, 0x000000, 0x000000, 0x000000,
    0x000000, 0x000000, 0x000000, 0x000000, 0x000000, 0x000000, 0x000000, 0x000000, 0x000000, 0x000000, 0x000000, 0x000000, 0x000000, 0x000000, 0x000000, 0x000000,/*"'",39*/

    0x000000, 0x000000, 0x00000C, 0x000018, 0x000038, 0x000070, 0x0000E0, 0x0001C0, 0x000180, 0x000380, 0x000700, 0x000700, 0x000E00, 0x000E00, 0x000E00, 0x001C00,
    0x001C00, 0x001C00, 0x003800, 0x003800, 0x003800, 0x003800, 0x003800, 0x003800, 0x003800, 0x003800, 0x003800, 0x003800, 0x003800, 0x001C00, 0x001C00, 0x001C00,
    0x000C00, 0x000E00, 0x000E00, 0x000700, 0x000700, 0x000380, 0x000180, 0x0001C0, 0x0000E0, 0x000070, 0x000038, 0x000018, 0x00000C, 0x000000, 0x000000, 0x000000,/*"(",40*/

    0x000000, 0x000000, 0x180000, 0x0C0000, 0x0E0000, 0x070000, 0x038000, 0x01C000, 0x00C000, 0x00E000, 0x007000, 0x007000, 0x003800, 0x003800, 0x003800, 0x001C00,
    0x001C00, 0x001C00, 0x000E00, 0x000E00, 0x000E00, 0x000E00, 0x000E00, 0x000E00, 0x000E00, 0x000E00, 0x000E00, 0x000E00, 0x000E00, 0x001C00, 0x001C00, 0x001C00,
    0x001800, 0x003800, 0x003800, 0x007000, 0x007000, 0x00E000, 0x00C000, 0x01C000, 0x038000, 0x070000, 0x0E0000, 0x0C0000, 0x180000, 0x000000, 0x000000, 0x000000,/*")",41*/

    0x000000, 0x000000, 0x000000, 0x000000, 0x000000, 0x000000, 0x000000, 0x000000, 0x000000, 0x000000, 0x000000, 0x000000, 0x003C00, 0x003C00, 0x003C00, 0x003C00,
    0x003C00, 0x383C3C, 0x7E3C7E, 0x7F18FE, 0x3F99FC, 0x0FDBF0, 0x01FF80, 0x003C00, 0x003C00, 0x01FF80, 0x0FDBF0, 0x3F99FC, 0x7F18FE, 0x7E3C7E, 0x783C1E, 0x003C00,
    0x003C00, 0x003C00, 0x003C00, 0x003C00, 0x000000, 0x000000, 0x000000, 0x000000, 0x000000, 0x000000, 0x000000, 0x000000, 0x000000, 0x000000, 0x000000, 0x000000,/*"*",42*/

    0x000000, 0x000000, 0x000000, 0x000000, 0x000000, 0x000000, 0x000000, 0x000000, 0x000000, 0x000000, 0x000000, 0x000000, 0x001C00, 0x001C00, 0x001C00, 0x001C00,
    0x001C00, 0x001C00, 0x001C00, 0x001C00, 0x001C00, 0x001C00, 0x001C00, 0x3FFFFE, 0x3FFFFE, 0x001C00, 0x001C00, 0x001C00, 0x001C00, 0x001C00, 0x001C00, 0x001C00,
    0x001C00, 0x001C00, 0x001C00, 0x001C00, 0x000000, 0x000000, 0x000000, 0x000000, 0x000000, 0x000000, 0x000000, 0x000000, 0x000000, 0x000000, 0x000000, 0x000000,/*"+",43*/

    0x000000, 0x000000, 0x000000, 0x000000, 0x000000, 0x000000, 0x000000, 0x000000, 0x000000, 0x000000, 0x000000, 0x000000, 0x000000, 0x000000, 0x000000, 0x000000,
    0x000000, 0x000000, 0x000000, 0x000000, 0x000000, 0x000000, 0x000000, 0x000000, 0x000000, 0x000000, 0x000000, 0x000000, 0x000000, 0x000000, 0x000000, 0x000000,
    0x000000, 0x000000, 0x000000, 0x0F0000, 0x1F8000, 0x1FC000, 0x1FC000, 0x0FC000, 0x03C000, 0x03C000, 0x038000, 0x070000, 0x0F0000, 0x1E0000, 0x380000, 0x000000,/*",",44*/

    0x000000, 0x000000, 0x000000, 0x000000, 0x000000, 0x000000, 0x000000, 0x000000, 0x000000, 0x000000, 0x000000, 0x000000, 0x000000, 0x000000, 0x000000, 0x000000,
    0x000000, 0x000000, 0x000000, 0x000000, 0x000000, 0x000000, 0x000000, 0x3FFFFE, 0x3FFFFE, 0x000000, 0x000000, 0x000000, 0x000000, 0x000000, 0x000000, 0x000000,
    0x000000, 0x000000, 0x000000, 0x000000, 0x000000, 0x000000, 0x000000, 0x000000, 0x000000, 0x000000, 0x000000, 0x000000, 0x000000, 0x000000, 0x000000, 0x000000,/*"-",45*/

    0x000000, 0x000000, 0x000000, 0x000000, 0x000000, 0x000000, 0x000000, 0x000000, 0x000000, 0x000000, 0x000000, 0x000000, 0x000000, 0x000000, 0x000000, 0x000000,
    0x000000, 0x000000, 0x000000, 0x000000, 0x000000, 0x000000, 0x000000, 0x000000, 0x000000, 0x000000, 0x000000, 0x000000, 0x000000, 0x000000, 0x000000, 0x000000,
    0x000000, 0x000000, 0x000000, 0x0F8000, 0x1FC000, 0x1FC000, 0x1FC000, 0x1FC000, 0x0F8000, 0x000000, 0x000000, 0x000000, 0x000000, 0x000000, 0x000000, 0x000000,/*".",46*/

    0x000000, 0x000000, 0x000000, 0x000000, 0x000006, 0x00000E, 0x00000C, 0x00001C, 0x000018, 0x000038, 0x000030, 0x000070, 0x000060, 0x000060, 0x0000C0, 0x0000C0,
    0x000180, 0x000180, 0x000380, 0x000300, 0x000700, 0x000600, 0x000E00, 0x000C00, 0x001C00, 0x001800, 0x003800, 0x003000, 0x007000, 0x006000, 0x00E000, 0x00C000,
    0x00C000, 0x018000, 0x018000, 0x030000, 0x030000, 0x070000, 0x060000, 0x0E0000, 0x0C0000, 0x1C0000, 0x180000, 0x380000, 0x300000, 0x000000, 0x000000, 0x000000,/*"/",47*/

    0x000000, 0x000000, 0x000000, 0x000000, 0x000000, 0x000000, 0x000000, 0x000000, 0x007F00, 0x01E3C0, 0x03C0E0, 0x0380F0, 0x070070, 0x0F0078, 0x0E0038, 0x1E003C,
    0x1E003C, 0x1E003C, 0x1C001E, 0x3C001E, 0x3C001E, 0x3C001E, 0x3C001E, 0x3C001E, 0x3C001E, 0x3C001E, 0x3C001E, 0x3C001E, 0x3C001E, 0x3C001E, 0x1C001C, 0x1E003C,
    0x1E003C, 0x1E003C, 0x0E0038, 0x0F0078, 0x070070, 0x0380F0, 0x03C0E0, 0x00E3C0, 0x007F00, 0x000000, 0x000000, 0x000000, 0x000000, 0x000000, 0x000000, 0x000000,/*"0",48*/

    0x000000, 0x000000, 0x000000, 0x000000, 0x000000, 0x000000, 0x000000, 0x000000, 0x000600, 0x000E00, 0x001E00, 0x03FE00, 0x001E00, 0x001E00, 0x001E00, 0x001E00,
    0x001E00, 0x001E00, 0x001E00, 0x001E00, 0x001E00, 0x001E00, 0x001E00, 0x001E00, 0x001E00, 0x001E00, 0x001E00, 0x001E00, 0x001E00, 0x001E00, 0x001E00, 0x001E00,
    0x001E00, 0x001E00, 0x001E00, 0x001E00, 0x001E00, 0x001E00, 0x001E00, 0x003F00, 0x03FFF0, 0x000000, 0x000000, 0x000000, 0x000000, 0x000000, 0x000000, 0x000000,/*"1",49*/

    0x000000, 0x000000, 0x000000, 0x000000, 0x000000, 0x000000, 0x000000, 0x000000, 0x007F80, 0x01C3E0, 0x0700F0, 0x0E0078, 0x0E0078, 0x1E003C, 0x1E003C, 0x1E003C,
    0x1F003C, 0x1F003C, 0x0F003C, 0x000078, 0x000078, 0x0000F0, 0x0000F0, 0x0001E0, 0x0003C0, 0x000780, 0x000F00, 0x001E00, 0x003C00, 0x007800, 0x00F000, 0x01E000,
    0x03C000, 0x07800C, 0x07000C, 0x0E001C, 0x1E0018, 0x3C0078, 0x3FFFF8, 0x3FFFF8, 0x3FFFF8, 0x000000, 0x000000, 0x000000, 0x000000, 0x000000, 0x000000, 0x000000,/*"2",50*/

    0x000000, 0x000000, 0x000000, 0x000000, 0x000000, 0x000000, 0x000000, 0x000000, 0x007F00, 0x01C3C0, 0x0301E0, 0x0600F0, 0x0E00F0, 0x0E0078, 0x0F0078, 0x0F0078,
    0x070078, 0x000078, 0x000070, 0x0000F0, 0x0000E0, 0x0001C0, 0x000780, 0x007E00, 0x000780, 0x0001E0, 0x0000F0, 0x000078, 0x000038, 0x00003C, 0x00003C, 0x00003C,
    0x0E003C, 0x1F003C, 0x1F003C, 0x1F0038, 0x1E0078, 0x0E0070, 0x0700E0, 0x0383C0, 0x00FF00, 0x000000, 0x000000, 0x000000, 0x000000, 0x000000, 0x000000, 0x000000,/*"3",51*/

    0x000000, 0x000000, 0x000000, 0x000000, 0x000000, 0x000000, 0x000000, 0x000000, 0x0001C0, 0x0003C0, 0x0003C0, 0x0007C0, 0x000FC0, 0x000FC0, 0x001BC0, 0x001BC0,
    0x0033C0, 0x0073C0, 0x0063C0, 0x00E3C0, 0x00C3C0, 0x0183C0, 0x0383C0, 0x0303C0, 0x0703C0, 0x0603C0, 0x0E03C0, 0x1C03C0, 0x1C03C0, 0x3803C0, 0x3FFFFE, 0x0003C0,
    0x0003C0, 0x0003C0, 0x0003C0, 0x0003C0, 0x0003C0, 0x0003C0, 0x0003C0, 0x0007E0, 0x007FFE, 0x000000, 0x000000, 0x000000, 0x000000, 0x000000, 0x000000, 0x000000,/*"4",52*/

    0x000000, 0x000000, 0x000000, 0x000000, 0x000000, 0x000000, 0x000000, 0x000000, 0x07FFF8, 0x07FFF8, 0x07FFF8, 0x060000, 0x060000, 0x060000, 0x060000, 0x060000,
    0x0E0000, 0x0E0000, 0x0E0000, 0x0E0000, 0x0E7F80, 0x0EFFC0, 0x0FC1F0, 0x0F80F0, 0x0F0078, 0x0E0078, 0x00007C, 0x00003C, 0x00003C, 0x00003C, 0x00003C, 0x0E003C,
    0x1F003C, 0x1F003C, 0x1F0038, 0x1E0078, 0x0E0078, 0x0E00F0, 0x0700E0, 0x03C3C0, 0x00FF00, 0x000000, 0x000000, 0x000000, 0x000000, 0x000000, 0x000000, 0x000000,/*"5",53*/

    0x000000, 0x000000, 0x000000, 0x000000, 0x000000, 0x000000, 0x000000, 0x000000, 0x001FC0, 0x00F060, 0x01C070, 0x038078, 0x070078, 0x070078, 0x0E0000, 0x0E0000,
    0x1E0000, 0x1E0000, 0x1C0000, 0x1C0000, 0x3C3F80, 0x3CFFE0, 0x3DE1F0, 0x3F8078, 0x3F003C, 0x3E003C, 0x3E001E, 0x3C001E, 0x3C001E, 0x3C001E, 0x3C001E, 0x3C001E,
    0x1C001E, 0x1E001E, 0x1E001C, 0x0E003C, 0x0F003C, 0x078038, 0x03C070, 0x01E1E0, 0x007F80, 0x000000, 0x000000, 0x000000, 0x000000, 0x000000, 0x000000, 0x000000,/*"6",54*/

    0x000000, 0x000000, 0x000000, 0x000000, 0x000000, 0x000000, 0x000000, 0x000000, 0x0FFFFC, 0x0FFFFC, 0x0FFFF8, 0x0F0038, 0x0E0030, 0x1C0060, 0x1C00E0, 0x1800C0,
    0x0001C0, 0x000180, 0x000380, 0x000300, 0x000700, 0x000700, 0x000E00, 0x000E00, 0x001C00, 0x001C00, 0x001C00, 0x003C00, 0x003800, 0x007800, 0x007800, 0x007800,
    0x007800, 0x00F800, 0x00F800, 0x00F800, 0x00F800, 0x00F800, 0x00F800, 0x00F800, 0x007000, 0x000000, 0x000000, 0x000000, 0x000000, 0x000000, 0x000000, 0x000000,/*"7",55*/

    0x000000, 0x000000, 0x000000, 0x000000, 0x000000, 0x000000, 0x000000, 0x000000, 0x007F80, 0x03C1E0, 0x0780F0, 0x0F0078, 0x0F0078, 0x1E003C, 0x1E003C, 0x1E003C,
    0x1E003C, 0x1F003C, 0x1F0038, 0x0F8078, 0x07E0F0, 0x07F1E0, 0x01FFC0, 0x00FF00, 0x03FF80, 0x078FE0, 0x0F03F0, 0x0E01F0, 0x1E00F8, 0x1E0078, 0x3C007C, 0x3C003C,
    0x3C003C, 0x3C003C, 0x3C003C, 0x1C0038, 0x1E0078, 0x0E0070, 0x0700E0, 0x03C1C0, 0x00FF00, 0x000000, 0x000000, 0x000000, 0x000000, 0x000000, 0x000000, 0x000000,/*"8",56*/

    0x000000, 0x000000, 0x000000, 0x000000, 0x000000, 0x000000, 0x000000, 0x000000, 0x00FE00, 0x03C380, 0x0701C0, 0x0F00E0, 0x1E0070, 0x1E0070, 0x1C0078, 0x3C0038,
    0x3C0038, 0x3C003C, 0x3C003C, 0x3C003C, 0x3C003C, 0x3C003C, 0x3E007C, 0x1E00FC, 0x1E00FC, 0x1F01FC, 0x0FC7BC, 0x07FF3C, 0x01FC3C, 0x000078, 0x000078, 0x000078,
    0x000078, 0x000070, 0x0000F0, 0x0F00E0, 0x0F01E0, 0x0F03C0, 0x0F0780, 0x070F00, 0x01FC00, 0x000000, 0x000000, 0x000000, 0x000000, 0x000000, 0x000000, 0x000000,/*"9",57*/

    0x000000, 0x000000, 0x000000, 0x000000, 0x000000, 0x000000, 0x000000, 0x000000, 0x000000, 0x000000, 0x000000, 0x000000, 0x000000, 0x000000, 0x000000, 0x000000,
    0x000000, 0x000000, 0x003C00, 0x007E00, 0x007E00, 0x007E00, 0x003C00, 0x000000, 0x000000, 0x000000, 0x000000, 0x000000, 0x000000, 0x000000, 0x000000, 0x000000,
    0x000000, 0x000000, 0x000000, 0x000000, 0x003C00, 0x007E00, 0x007E00, 0x007E00, 0x003C00, 0x000000, 0x000000, 0x000000, 0x000000, 0x000000, 0x000000, 0x000000,/*":",58*/

    0x000000, 0x000000, 0x000000, 0x000000, 0x000000, 0x000000, 0x000000, 0x000000, 0x000000, 0x000000, 0x000000, 0x000000, 0x000000, 0x000000, 0x000000, 0x000000,
    0x000000, 0x000000, 0x000000, 0x000000, 0x003E00, 0x003E00, 0x003E00, 0x003E00, 0x000000, 0x000000, 0x000000, 0x000000, 0x000000, 0x000000, 0x000000, 0x000000,
    0x000000, 0x000000, 0x000000, 0x000000, 0x000000, 0x003E00, 0x003E00, 0x003E00, 0x003E00, 0x000E00, 0x001C00, 0x001C00, 0x001800, 0x003800, 0x000000, 0x000000,/*";",59*/

    0x000000, 0x000000, 0x000000, 0x000000, 0x000000, 0x000000, 0x000000, 0x000000, 0x000018, 0x00003C, 0x000078, 0x0000F0, 0x0001E0, 0x0003C0, 0x000700, 0x000E00,
    0x001C00, 0x003800, 0x007000, 0x00E000, 0x01C000, 0x038000, 0x070000, 0x0E0000, 0x1C0000, 0x0E0000, 0x070000, 0x038000, 0x01C000, 0x00E000, 0x007000, 0x003800,
    0x001C00, 0x000E00, 0x000700, 0x0003C0, 0x0001E0, 0x0000F0, 0x000078, 0x00003C, 0x000018, 0x000000, 0x000000, 0x000000, 0x000000, 0x000000, 0x000000, 0x000000,/*"<",60*/

    0x000000, 0x000000, 0x000000, 0x000000, 0x000000, 0x000000, 0x000000, 0x000000, 0x000000, 0x000000, 0x000000, 0x000000, 0x000000, 0x000000, 0x000000, 0x000000,
    0x000000, 0x000000, 0x3FFFFE, 0x3FFFFE, 0x000000, 0x000000, 0x000000, 0x000000, 0x000000, 0x000000, 0x000000, 0x3FFFFE, 0x3FFFFE, 0x000000, 0x000000, 0x000000,
    0x000000, 0x000000, 0x000000, 0x000000, 0x000000, 0x000000, 0x000000, 0x000000, 0x000000, 0x000000, 0x000000, 0x000000, 0x000000, 0x000000, 0x000000, 0x000000,/*"=",61*/

    0x000000, 0x000000, 0x000000, 0x000000, 0x000000, 0x000000, 0x000000, 0x000000, 0x0C0000, 0x1E0000, 0x0F0000, 0x078000, 0x03C000, 0x01E000, 0x007000, 0x003800,
    0x001C00, 0x000E00, 0x000700, 0x000380, 0x0001C0, 0x0000E0, 0x000070, 0x000038, 0x00001C, 0x000038, 0x000070, 0x0000E0, 0x0001C0, 0x000380, 0x000700, 0x000E00,
    0x001C00, 0x003800, 0x007000, 0x01E000, 0x03C000, 0x078000, 0x0F0000, 0x1E0000, 0x0C0000, 0x000000, 0x000000, 0x000000, 0x000000, 0x000000, 0x000000, 0x000000,/*">",62*/

    0x000000, 0x000000, 0x000000, 0x000000, 0x000000, 0x000000, 0x000000, 0x000000, 0x00FF00, 0x03FFC0, 0x0783E0, 0x0E01F0, 0x1C00F8, 0x180078, 0x38007C, 0x38007C,
    0x3E007C, 0x3F007C, 0x3F007C, 0x1F007C, 0x0000F8, 0x0001F8, 0x0003F0, 0x0007C0, 0x000F00, 0x001E00, 0x003C00, 0x003800, 0x003800, 0x003800, 0x003800, 0x003800,
    0x003800, 0x000000, 0x000000, 0x000000, 0x003C00, 0x007E00, 0x007E00, 0x007E00, 0x003C00, 0x000000, 0x000000, 0x000000, 0x000000, 0x000000, 0x000000, 0x000000,/*"?",63*/

    0x000000, 0x000000, 0x000000, 0x000000, 0x000000, 0x000000, 0x000000, 0x000000, 0x003F80, 0x00F0E0, 0x01C070, 0x038018, 0x07801C, 0x07000E, 0x0E07FE, 0x0E0EFE,
    0x1E1EF7, 0x1E1CF7, 0x1C3CE7, 0x3C38E7, 0x3C78E7, 0x3C78E7, 0x3C70E7, 0x3C71E7, 0x3CF1E7, 0x3CF1C7, 0x3CF1C7, 0x3CF1CE, 0x3CF1CE, 0x3CF3CE, 0x1EF3DC, 0x1E77DC,
    0x1E7FF8, 0x0E3CF0, 0x0F0007, 0x0F0006, 0x07800E, 0x03C03C, 0x01F0F8, 0x00FFF0, 0x003F80, 0x000000, 0x000000, 0x000000, 0x000000, 0x000000, 0x000000, 0x000000,/*"@",64*/

    0x000000, 0x000000, 0x000000, 0x000000, 0x000000, 0x000000, 0x000000, 0x000000, 0x003C00, 0x003C00, 0x007E00, 0x007E00, 0x007E00, 0x006E00, 0x00EE00, 0x00EF00,
    0x00CF00, 0x00C700, 0x01C700, 0x01C780, 0x018780, 0x018380, 0x038380, 0x0383C0, 0x0303C0, 0x0303C0, 0x0701C0, 0x07FFE0, 0x0601E0, 0x0601E0, 0x0E00E0, 0x0E00F0,
    0x0C00F0, 0x0C00F0, 0x1C00F0, 0x1C0078, 0x1C0078, 0x1C0078, 0x3C0078, 0x3C007C, 0xFF01FF, 0x000000, 0x000000, 0x000000, 0x000000, 0x000000, 0x000000, 0x000000,/*"A",65*/

    0x000000, 0x000000, 0x000000, 0x000000, 0x000000, 0x000000, 0x000000, 0x000000, 0x7FFF80, 0x0F03E0, 0x0F00F0, 0x0F0078, 0x0F003C, 0x0F003C, 0x0F003C, 0x0F003C,
    0x0F003C, 0x0F003C, 0x0F003C, 0x0F0078, 0x0F0078, 0x0F00F0, 0x0F03C0, 0x0FFF00, 0x0F01E0, 0x0F0070, 0x0F0078, 0x0F003C, 0x0F003C, 0x0F001E, 0x0F001E, 0x0F001E,
    0x0F001E, 0x0F001E, 0x0F001E, 0x0F001E, 0x0F003C, 0x0F003C, 0x0F0078, 0x0F01E0, 0x7FFF80, 0x000000, 0x000000, 0x000000, 0x000000, 0x000000, 0x000000, 0x000000,/*"B",66*/

    0x000000, 0x000000, 0x000000, 0x000000, 0x000000, 0x000000, 0x000000, 0x000000, 0x003F80, 0x00F0FC, 0x01C03C, 0x03801C, 0x07801C, 0x07000C, 0x0F000E, 0x0E0006,
    0x1E0000, 0x1E0000, 0x1C0000, 0x3C0000, 0x3C0000, 0x3C0000, 0x3C0000, 0x3C0000, 0x3C0000, 0x3C0000, 0x3C0000, 0x3C0000, 0x3C0000, 0x3C0000, 0x3C0000, 0x1E0006,
    0x1E0006, 0x1E000C, 0x0F000C, 0x0F001C, 0x078038, 0x07C070, 0x03E0F0, 0x00FFC0, 0x003F80, 0x000000, 0x000000, 0x000000, 0x000000, 0x000000, 0x000000, 0x000000,/*"C",67*/

    0x000000, 0x000000, 0x000000, 0x000000, 0x000000, 0x000000, 0x000000, 0x000000, 0x7FFC00, 0x0F8780, 0x0F01C0, 0x0F00E0, 0x0F0070, 0x0F0078, 0x0F0038, 0x0F003C,
    0x0F003C, 0x0F003C, 0x0F001E, 0x0F001E, 0x0F001E, 0x0F001E, 0x0F001E, 0x0F001E, 0x0F001E, 0x0F001E, 0x0F001E, 0x0F001E, 0x0F001E, 0x0F001E, 0x0F001C, 0x0F003C,
    0x0F003C, 0x0F003C, 0x0F0038, 0x0F0078, 0x0F00F0, 0x0F01E0, 0x0F03C0, 0x0F0F80, 0x7FFC00, 0x000000, 0x000000, 0x000000, 0x000000, 0x000000, 0x000000, 0x000000,/*"D",68*/

    0x000000, 0x000000, 0x000000, 0x000000, 0x000000, 0x000000, 0x000000, 0x000000, 0x7FFFF0, 0x0F00F0, 0x0F0078, 0x0F0038, 0x0F0018, 0x0F001C, 0x0F000C, 0x0F0000,
    0x0F0000, 0x0F0000, 0x0F00C0, 0x0F00C0, 0x0F00C0, 0x0F00C0, 0x0F01C0, 0x0FFFC0, 0x0F03C0, 0x0F01C0, 0x0F00C0, 0x0F00C0, 0x0F00C0, 0x0F0000, 0x0F0000, 0x0F0000,
    0x0F0000, 0x0F0006, 0x0F0006, 0x0F000C, 0x0F000C, 0x0F001C, 0x0F003C, 0x0F00F8, 0x7FFFF8, 0x000000, 0x000000, 0x000000, 0x000000, 0x000000, 0x000000, 0x000000,/*"E",69*/

    0x000000, 0x000000, 0x000000, 0x000000, 0x000000, 0x000000, 0x000000, 0x000000, 0x7FFFFC, 0x0F007C, 0x0F003E, 0x0F000E, 0x0F0006, 0x0F0007, 0x0F0003, 0x0F0000,
    0x0F0000, 0x0F0000, 0x0F0060, 0x0F0060, 0x0F0060, 0x0F0060, 0x0F00E0, 0x0FFFE0, 0x0F01E0, 0x0F00E0, 0x0F0060, 0x0F0060, 0x0F0060, 0x0F0000, 0x0F0000, 0x0F0000,
    0x0F0000, 0x0F0000, 0x0F0000, 0x0F0000, 0x0F0000, 0x0F0000, 0x0F0000, 0x0F0000, 0x7FE000, 0x000000, 0x000000, 0x000000, 0x000000, 0x000000, 0x000000, 0x000000,/*"F",70*/

    0x000000, 0x000000, 0x000000, 0x000000, 0x000000, 0x000000, 0x000000, 0x000000, 0x007F30, 0x01E3F0, 0x0380F0, 0x0700F0, 0x0F0070, 0x0E0030, 0x1E0038, 0x1C0038,
    0x3C0018, 0x3C0000, 0x380000, 0x380000, 0x780000, 0x780000, 0x780000, 0x780000, 0x780000, 0x780000, 0x7803FF, 0x7800FC, 0x780078, 0x780078, 0x3C0078, 0x3C0078,
    0x3C0078, 0x1C0078, 0x1E0078, 0x1E0078, 0x0E0078, 0x070078, 0x0780F8, 0x01E1C0, 0x007F00, 0x000000, 0x000000, 0x000000, 0x000000, 0x000000, 0x000000, 0x000000,/*"G",71*/

    0x000000, 0x000000, 0x000000, 0x000000, 0x000000, 0x000000, 0x000000, 0x000000, 0xFFC3FF, 0x1E0078, 0x1E0078, 0x1E0078, 0x1E0078, 0x1E0078, 0x1E0078, 0x1E0078,
    0x1E0078, 0x1E0078, 0x1E0078, 0x1E0078, 0x1E0078, 0x1E0078, 0x1E0078, 0x1FFFF8, 0x1E0078, 0x1E0078, 0x1E0078, 0x1E0078, 0x1E0078, 0x1E0078, 0x1E0078, 0x1E0078,
    0x1E0078, 0x1E0078, 0x1E0078, 0x1E0078, 0x1E0078, 0x1E0078, 0x1E0078, 0x1E0078, 0xFFC3FF, 0x000000, 0x000000, 0x000000, 0x000000, 0x000000, 0x000000, 0x000000,/*"H",72*/

    0x000000, 0x000000, 0x000000, 0x000000, 0x000000, 0x000000, 0x000000, 0x000000, 0x07FFF8, 0x001E00, 0x001E00, 0x001E00, 0x001E00, 0x001E00, 0x001E00, 0x001E00,
    0x001E00, 0x001E00, 0x001E00, 0x001E00, 0x001E00, 0x001E00, 0x001E00, 0x001E00, 0x001E00, 0x001E00, 0x001E00, 0x001E00, 0x001E00, 0x001E00, 0x001E00, 0x001E00,
    0x001E00, 0x001E00, 0x001E00, 0x001E00, 0x001E00, 0x001E00, 0x001E00, 0x001E00, 0x07FFF8, 0x000000, 0x000000, 0x000000, 0x000000, 0x000000, 0x000000, 0x000000,/*"I",73*/

    0x000000, 0x000000, 0x000000, 0x000000, 0x000000, 0x000000, 0x000000, 0x000000, 0x00FFFF, 0x0003C0, 0x0003C0, 0x0003C0, 0x0003C0, 0x0003C0, 0x0003C0, 0x0003C0,
    0x0003C0, 0x0003C0, 0x0003C0, 0x0003C0, 0x0003C0, 0x0003C0, 0x0003C0, 0x0003C0, 0x0003C0, 0x0003C0, 0x0003C0, 0x0003C0, 0x0003C0, 0x0003C0, 0x0003C0, 0x0003C0,
    0x0003C0, 0x0003C0, 0x0003C0, 0x0003C0, 0x0003C0, 0x0003C0, 0x0003C0, 0x0003C0, 0x0003C0, 0x1C0380, 0x3E0780, 0x3E0700, 0x3E0E00, 0x1E1C00, 0x07F000, 0x000000,/*"J",74*/

    0x000000, 0x000000, 0x000000, 0x000000, 0x000000, 0x000000, 0x000000, 0x000000, 0x7FE3FE, 0x0F00F8, 0x0F00F0, 0x0F00E0, 0x0F01C0, 0x0F0180, 0x0F0380, 0x0F0700,
    0x0F0600, 0x0F0E00, 0x0F0C00, 0x0F1800, 0x0F3800, 0x0F3C00, 0x0F7C00, 0x0FFC00, 0x0FDE00, 0x0F9E00, 0x0F8F00, 0x0F0F00, 0x0F0780, 0x0F0780, 0x0F03C0, 0x0F03C0,
    0x0F03C0, 0x0F01E0, 0x0F01E0, 0x0F00F0, 0x0F00F0, 0x0F0078, 0x0F0078, 0x0F007C, 0x7FE1FF, 0x000000, 0x000000, 0x000000, 0x000000, 0x000000, 0x000000, 0x000000,/*"K",75*/

    0x000000, 0x000000, 0x000000, 0x000000, 0x000000, 0x000000, 0x000000, 0x000000, 0x3FF000, 0x078000, 0x078000, 0x078000, 0x078000, 0x078000, 0x078000, 0x078000,
    0x078000, 0x078000, 0x078000, 0x078000, 0x078000, 0x078000, 0x078000, 0x078000, 0x078000, 0x078000, 0x078000, 0x078000, 0x078000, 0x078000, 0x078000, 0x078000,
    0x078000, 0x078006, 0x078006, 0x07800E, 0x07800C, 0x07801C, 0x07803C, 0x07807C, 0x3FFFFC, 0x000000, 0x000000, 0x000000, 0x000000, 0x000000, 0x000000, 0x000000,/*"L",76*/

    0x000000, 0x000000, 0x000000, 0x000000, 0x000000, 0x000000, 0x000000, 0x000000, 0x7E007F, 0x1E007C, 0x1E007C, 0x1F007C, 0x1F00FC, 0x1F00FC, 0x1F00FC, 0x1F00FC,
    0x1F81FC, 0x1F81BC, 0x1F81BC, 0x1F81BC, 0x1BC1BC, 0x1BC3BC, 0x1BC33C, 0x1BC33C, 0x1BC33C, 0x19E73C, 0x19E63C, 0x19E63C, 0x19E63C, 0x18FE3C, 0x18FE3C, 0x18FC3C,
    0x18FC3C, 0x18FC3C, 0x187C3C, 0x18783C, 0x18783C, 0x18783C, 0x18383C, 0x18383C, 0x7E31FF, 0x000000, 0x000000, 0x000000, 0x000000, 0x000000, 0x000000, 0x000000,/*"M",77*/

    0x000000, 0x000000, 0x000000, 0x000000, 0x000000, 0x000000, 0x000000, 0x000000, 0x7F00FF, 0x0F0018, 0x0F8018, 0x0F8018, 0x0FC018, 0x0FC018, 0x0FE018, 0x0DE018,
    0x0DF018, 0x0CF018, 0x0CF018, 0x0C7818, 0x0C7818, 0x0C3C18, 0x0C3C18, 0x0C1E18, 0x0C1E18, 0x0C0F18, 0x0C0F18, 0x0C0798, 0x0C0798, 0x0C03D8, 0x0C03D8, 0x0C03F8,
    0x0C01F8, 0x0C01F8, 0x0C00F8, 0x0C00F8, 0x0C0078, 0x0C0078, 0x0C0038, 0x0C0038, 0x7F8018, 0x000000, 0x000000, 0x000000, 0x000000, 0x000000, 0x000000, 0x000000,/*"N",78*/

    0x000000, 0x000000, 0x000000, 0x000000, 0x000000, 0x000000, 0x000000, 0x000000, 0x003F00, 0x00E1C0, 0x01C060, 0x038070, 0x070038, 0x0F003C, 0x0E001C, 0x1E001C,
    0x1E001E, 0x1E001E, 0x1C000E, 0x3C000F, 0x3C000F, 0x3C000F, 0x3C000F, 0x3C000F, 0x3C000F, 0x3C000F, 0x3C000F, 0x3C000F, 0x3C000F, 0x3C000F, 0x1C000E, 0x1E000E,
    0x1E001E, 0x0E001E, 0x0E001C, 0x0F003C, 0x070038, 0x038070, 0x01C0E0, 0x00E1C0, 0x003F00, 0x000000, 0x000000, 0x000000, 0x000000, 0x000000, 0x000000, 0x000000,/*"O",79*/

    0x000000, 0x000000, 0x000000, 0x000000, 0x000000, 0x000000, 0x000000, 0x000000, 0x7FFF80, 0x0F01E0, 0x0F0078, 0x0F003C, 0x0F003C, 0x0F001E, 0x0F001E, 0x0F001E,
    0x0F001E, 0x0F001E, 0x0F001E, 0x0F001E, 0x0F003C, 0x0F0038, 0x0F0078, 0x0F01E0, 0x0FFF80, 0x0F0000, 0x0F0000, 0x0F0000, 0x0F0000, 0x0F0000, 0x0F0000, 0x0F0000,
    0x0F0000, 0x0F0000, 0x0F0000, 0x0F0000, 0x0F0000, 0x0F0000, 0x0F0000, 0x0F0000, 0x7FE000, 0x000000, 0x000000, 0x000000, 0x000000, 0x000000, 0x000000, 0x000000,/*"P",80*/

    0x000000, 0x000000, 0x000000, 0x000000, 0x000000, 0x000000, 0x000000, 0x000000, 0x007F00, 0x01E3C0, 0x0380E0, 0x078070, 0x070070, 0x0F0038, 0x0E0038, 0x1E003C,
    0x1E003C, 0x1C001C, 0x1C001E, 0x3C001E, 0x3C001E, 0x3C001E, 0x3C001E, 0x3C001E, 0x3C001E, 0x3C001E, 0x3C001E, 0x3C001E, 0x3C001E, 0x3C001E, 0x3C001E, 0x1CFC1C,
    0x1FFE1C, 0x1FCF3C, 0x0F8F3C, 0x0F87B8, 0x0707F0, 0x0787F0, 0x0383E0, 0x01E3C0, 0x007FC0, 0x0003EC, 0x0001FC, 0x0001F8, 0x0000F0, 0x000000, 0x000000, 0x000000,/*"Q",81*/

    0x000000, 0x000000, 0x000000, 0x000000, 0x000000, 0x000000, 0x000000, 0x000000, 0x7FFF80, 0x0F03E0, 0x0F00F0, 0x0F0078, 0x0F007C, 0x0F003C, 0x0F003C, 0x0F003C,
    0x0F003C, 0x0F003C, 0x0F003C, 0x0F0078, 0x0F0078, 0x0F00F0, 0x0F03E0, 0x0FFF80, 0x0F0E00, 0x0F0F00, 0x0F0F00, 0x0F0780, 0x0F0780, 0x0F0780, 0x0F03C0, 0x0F03C0,
    0x0F01E0, 0x0F01E0, 0x0F01E0, 0x0F00F0, 0x0F00F0, 0x0F00F8, 0x0F0078, 0x0F007C, 0x7FE03F, 0x000000, 0x000000, 0x000000, 0x000000, 0x000000, 0x000000, 0x000000,/*"R",82*/

    0x000000, 0x000000, 0x000000, 0x000000, 0x000000, 0x000000, 0x000000, 0x000000, 0x00FF00, 0x0383F0, 0x0F00F0, 0x0E0078, 0x1E0078, 0x3C0038, 0x3C0038, 0x3C0018,
    0x3C0000, 0x3C0000, 0x3E0000, 0x1F0000, 0x1FC000, 0x0FF000, 0x03FC00, 0x01FF00, 0x007F80, 0x000FE0, 0x0007F0, 0x0001F8, 0x0000F8, 0x00007C, 0x00003C, 0x00003C,
    0x30003C, 0x38003C, 0x38003C, 0x180038, 0x1C0078, 0x1E0070, 0x1F00F0, 0x1FC1C0, 0x187F00, 0x000000, 0x000000, 0x000000, 0x000000, 0x000000, 0x000000, 0x000000,/*"S",83*/

    0x000000, 0x000000, 0x000000, 0x000000, 0x000000, 0x000000, 0x000000, 0x000000, 0x1FFFFC, 0x3C3C3C, 0x383C1C, 0x383C0C, 0x303C0C, 0x703C0E, 0x603C06, 0x003C00,
    0x003C00, 0x003C00, 0x003C00, 0x003C00, 0x003C00, 0x003C00, 0x003C00, 0x003C00, 0x003C00, 0x003C00, 0x003C00, 0x003C00, 0x003C00, 0x003C00, 0x003C00, 0x003C00,
    0x003C00, 0x003C00, 0x003C00, 0x003C00, 0x003C00, 0x003C00, 0x003C00, 0x003C00, 0x01FF80, 0x000000, 0x000000, 0x000000, 0x000000, 0x000000, 0x000000, 0x000000,/*"T",84*/

    0x000000, 0x000000, 0x000000, 0x000000, 0x000000, 0x000000, 0x000000, 0x000000, 0xFFC0FF, 0x1E0018, 0x1E0018, 0x1E0018, 0x1E0018, 0x1E0018, 0x1E0018, 0x1E0018,
    0x1E0018, 0x1E0018, 0x1E0018, 0x1E0018, 0x1E0018, 0x1E0018, 0x1E0018, 0x1E0018, 0x1E0018, 0x1E0018, 0x1E0018, 0x1E0018, 0x1E0018, 0x1E0018, 0x1E0018, 0x1E0018,
    0x1E0018, 0x1E0018, 0x1E0018, 0x1E0018, 0x0E0030, 0x0F0070, 0x0780E0, 0x03C180, 0x00FF00, 0x000000, 0x000000, 0x000000, 0x000000, 0x000000, 0x000000, 0x000000,/*"U",85*/

    0x000000, 0x000000, 0x000000, 0x000000, 0x000000, 0x000000, 0x000000, 0x000000, 0x7FC0FF, 0x1F003C, 0x0F0038, 0x0F0038, 0x0F0038, 0x0F8030, 0x078030, 0x078070,
    0x078070, 0x078060, 0x03C060, 0x03C0E0, 0x03C0C0, 0x03C0C0, 0x01E0C0, 0x01E1C0, 0x01E180, 0x01E180, 0x00F180, 0x00F380, 0x00F300, 0x00F300, 0x00FB00, 0x007F00,
    0x007E00, 0x007E00, 0x007E00, 0x003E00, 0x003C00, 0x003C00, 0x003C00, 0x001800, 0x001800, 0x000000, 0x000000, 0x000000, 0x000000, 0x000000, 0x000000, 0x000000,/*"V",86*/

    0x000000, 0x000000, 0x000000, 0x000000, 0x000000, 0x000000, 0x000000, 0x000000, 0xFF7F3F, 0x3C1E0E, 0x3C1E0E, 0x3C1E0E, 0x3C1E0C, 0x3C1E0C, 0x1C1E0C, 0x1C1E0C,
    0x1E1E1C, 0x1E1F1C, 0x1E1F18, 0x1E1F18, 0x1E3F18, 0x0E3F18, 0x0E3F38, 0x0F3730, 0x0F37B0, 0x0F77B0, 0x0F77B0, 0x0767F0, 0x0767F0, 0x0763E0, 0x07E3E0, 0x07E3E0,
    0x07C3E0, 0x07C3E0, 0x03C3E0, 0x03C3C0, 0x03C1C0, 0x0381C0, 0x0381C0, 0x0381C0, 0x0181C0, 0x000000, 0x000000, 0x000000, 0x000000, 0x000000, 0x000000, 0x000000,/*"W",87*/

    0x000000, 0x000000, 0x000000, 0x000000, 0x000000, 0x000000, 0x000000, 0x000000, 0x3FC1FE, 0x0F0078, 0x0F0070, 0x078070, 0x0780E0, 0x03C0E0, 0x03C1C0, 0x01E1C0,
    0x01E380, 0x00F380, 0x00F300, 0x00FF00, 0x007E00, 0x007E00, 0x003C00, 0x003C00, 0x001E00, 0x003E00, 0x003F00, 0x007F00, 0x007F00, 0x00E780, 0x00E780, 0x00C3C0,
    0x01C3C0, 0x0181E0, 0x0381E0, 0x0301F0, 0x0700F0, 0x0700F8, 0x0E0078, 0x1E007C, 0x7F81FF, 0x000000, 0x000000, 0x000000, 0x000000, 0x000000, 0x000000, 0x000000,/*"X",88*/

    0x000000, 0x000000, 0x000000, 0x000000, 0x000000, 0x000000, 0x000000, 0x000000, 0x7FC1FE, 0x1F0078, 0x0F0070, 0x0F0070, 0x0F0060, 0x0780E0, 0x0780C0, 0x0780C0,
    0x03C1C0, 0x03C180, 0x03E180, 0x01E380, 0x01E300, 0x00F300, 0x00F300, 0x00F600, 0x007E00, 0x007E00, 0x007C00, 0x003C00, 0x003C00, 0x003C00, 0x003C00, 0x003C00,
    0x003C00, 0x003C00, 0x003C00, 0x003C00, 0x003C00, 0x003C00, 0x003C00, 0x003C00, 0x01FF80, 0x000000, 0x000000, 0x000000, 0x000000, 0x000000, 0x000000, 0x000000,/*"Y",89*/

    0x000000, 0x000000, 0x000000, 0x000000, 0x000000, 0x000000, 0x000000, 0x000000, 0x07FFFE, 0x07C03C, 0x0F807C, 0x0E0078, 0x0E00F8, 0x1C00F0, 0x1801F0, 0x0001E0,
    0x0003E0, 0x0003C0, 0x0007C0, 0x000780, 0x000F80, 0x000F00, 0x001F00, 0x001E00, 0x003E00, 0x003C00, 0x007C00, 0x007800, 0x00F800, 0x00F000, 0x01F000, 0x01E000,
    0x03E000, 0x03C000, 0x07C006, 0x07800E, 0x0F800C, 0x0F001C, 0x1F003C, 0x1E00F8, 0x3FFFF8, 0x000000, 0x000000, 0x000000, 0x000000, 0x000000, 0x000000, 0x000000,/*"Z",90*/

    0x000000, 0x000000, 0x000000, 0x007FFC, 0x007FFC, 0x007000, 0x007000, 0x007000, 0x007000, 0x007000, 0x007000, 0x007000, 0x007000, 0x007000, 0x007000, 0x007000,
    0x007000, 0x007000, 0x007000, 0x007000, 0x007000, 0x007000, 0x007000, 0x007000, 0x007000, 0x007000, 0x007000, 0x007000, 0x007000, 0x007000, 0x007000, 0x007000,
    0x007000, 0x007000, 0x007000, 0x007000, 0x007000, 0x007000, 0x007000, 0x007000, 0x007000, 0x007000, 0x007000, 0x007FFC, 0x007FFC, 0x000000, 0x000000, 0x000000,/*"[",91*/

    0x000000, 0x000000, 0x000000, 0x000000, 0x000000, 0x000000, 0x0E0000, 0x0E0000, 0x0F0000, 0x070000, 0x070000, 0x038000, 0x038000, 0x03C000, 0x01C000, 0x01C000,
    0x00E000, 0x00E000, 0x007000, 0x007000, 0x007800, 0x003800, 0x003800, 0x001C00, 0x001C00, 0x001E00, 0x000E00, 0x000E00, 0x000700, 0x000700, 0x000380, 0x000380,
    0x000380, 0x0001C0, 0x0001C0, 0x0000E0, 0x0000E0, 0x0000F0, 0x000070, 0x000070, 0x000038, 0x000038, 0x00001C, 0x00001C, 0x00001C, 0x00000E, 0x000000, 0x000000,/*"\",92*/

    0x000000, 0x000000, 0x000000, 0x1FFE00, 0x1FFE00, 0x000600, 0x000600, 0x000600, 0x000600, 0x000600, 0x000600, 0x000600, 0x000600, 0x000600, 0x000600, 0x000600,
    0x000600, 0x000600, 0x000600, 0x000600, 0x000600, 0x000600, 0x000600, 0x000600, 0x000600, 0x000600, 0x000600, 0x000600, 0x000600, 0x000600, 0x000600, 0x000600,
    0x000600, 0x000600, 0x000600, 0x000600, 0x000600, 0x000600, 0x000600, 0x000600, 0x000600, 0x000600, 0x000600, 0x1FFE00, 0x1FFE00, 0x000000, 0x000000, 0x000000,/*"]",93*/

    0x000000, 0x000000, 0x000000, 0x003F00, 0x007F80, 0x00F1C0, 0x01C0E0, 0x030030, 0x000000, 0x000000, 0x000000, 0x000000, 0x000000, 0x000000, 0x000000, 0x000000,
    0x000000, 0x000000, 0x000000, 0x000000, 0x000000, 0x000000, 0x000000, 0x000000, 0x000000, 0x000000, 0x000000, 0x000000, 0x000000, 0x000000, 0x000000, 0x000000,
    0x000000, 0x000000, 0x000000, 0x000000, 0x000000, 0x000000, 0x000000, 0x000000, 0x000000, 0x000000, 0x000000, 0x000000, 0x000000, 0x000000, 0x000000, 0x000000,/*"^",94*/

    0x000000, 0x000000, 0x000000, 0x000000, 0x000000, 0x000000, 0x000000, 0x000000, 0x000000, 0x000000, 0x000000, 0x000000, 0x000000, 0x000000, 0x000000, 0x000000,
    0x000000, 0x000000, 0x000000, 0x000000, 0x000000, 0x000000, 0x000000, 0x000000, 0x000000, 0x000000, 0x000000, 0x000000, 0x000000, 0x000000, 0x000000, 0x000000,
    0x000000, 0x000000, 0x000000, 0x000000, 0x000000, 0x000000, 0x000000, 0x000000, 0x000000, 0x000000, 0x000000, 0x000000, 0x000000, 0x000000, 0x000000, 0xFFFFFF,/*"_",95*/

    0x000000, 0x000000, 0x0FE000, 0x03F000, 0x00F800, 0x003C00, 0x000600, 0x000000, 0x000000, 0x000000, 0x000000, 0x000000, 0x000000, 0x000000, 0x000000, 0x000000,
    0x000000, 0x000000, 0x000000, 0x000000, 0x000000, 0x000000, 0x000000, 0x000000, 0x000000, 0x000000, 0x000000, 0x000000, 0x000000, 0x000000, 0x000000, 0x000000,
    0x000000, 0x000000, 0x000000, 0x000000, 0x000000, 0x000000, 0x000000, 0x000000, 0x000000, 0x000000, 0x000000, 0x000000, 0x000000, 0x000000, 0x000000, 0x000000,/*"`",96*/

    0x000000, 0x000000, 0x000000, 0x000000, 0x000000, 0x000000, 0x000000, 0x000000, 0x000000, 0x000000, 0x000000, 0x000000, 0x000000, 0x000000, 0x000000, 0x000000,
    0x000000, 0x000000, 0x000000, 0x00FF00, 0x0383C0, 0x0E01E0, 0x1E00F0, 0x1E00F0, 0x1E00F0, 0x1E00F0, 0x0000F0, 0x000FF0, 0x00F8F0, 0x03C0F0, 0x0F00F0, 0x1E00F0,
    0x1E00F0, 0x3C00F0, 0x3C00F0, 0x3C00F0, 0x3C00F3, 0x3C00F3, 0x1E03F3, 0x0F0FF6, 0x03FC7C, 0x000000, 0x000000, 0x000000, 0x000000, 0x000000, 0x000000, 0x000000,/*"a",97*/

    0x000000, 0x000000, 0x000000, 0x000000, 0x000000, 0x000000, 0x000000, 0x030000, 0x070000, 0x7F0000, 0x0F0000, 0x0F0000, 0x0F0000, 0x0F0000, 0x0F0000, 0x0F0000,
    0x0F0000, 0x0F0000, 0x0F0000, 0x0F1F80, 0x0F71E0, 0x0FE0F0, 0x0FC078, 0x0F8078, 0x0F8038, 0x0F003C, 0x0F003C, 0x0F003C, 0x0F003C, 0x0F003C, 0x0F003C, 0x0F003C,
    0x0F003C, 0x0F003C, 0x0F0038, 0x0F0078, 0x0F0078, 0x0F8070, 0x0F80E0, 0x0EE1C0, 0x0C3F00, 0x000000, 0x000000, 0x000000, 0x000000, 0x000000, 0x000000, 0x000000,/*"b",98*/

    0x000000, 0x000000, 0x000000, 0x000000, 0x000000, 0x000000, 0x000000, 0x000000, 0x000000, 0x000000, 0x000000, 0x000000, 0x000000, 0x000000, 0x000000, 0x000000,
    0x000000, 0x000000, 0x000000, 0x003F80, 0x00F0E0, 0x03C070, 0x038078, 0x078078, 0x0F0078, 0x0F0078, 0x1E0000, 0x1E0000, 0x1E0000, 0x1E0000, 0x1E0000, 0x1E0000,
    0x1E0000, 0x1E0000, 0x0E000C, 0x0F000C, 0x0F0018, 0x078038, 0x03C070, 0x01E0E0, 0x007F80, 0x000000, 0x000000, 0x000000, 0x000000, 0x000000, 0x000000, 0x000000,/*"c",99*/

    0x000000, 0x000000, 0x000000, 0x000000, 0x000000, 0x000000, 0x000000, 0x000018, 0x000038, 0x0003F8, 0x000078, 0x000078, 0x000078, 0x000078, 0x000078, 0x000078,
    0x000078, 0x000078, 0x000078, 0x007E78, 0x01E3F8, 0x0380F8, 0x078078, 0x0F0078, 0x0F0078, 0x0F0078, 0x1E0078, 0x1E0078, 0x1E0078, 0x1E0078, 0x1E0078, 0x1E0078,
    0x1E0078, 0x1E0078, 0x0E0078, 0x0F0078, 0x0F00F8, 0x0700F8, 0x0381F8, 0x01C37F, 0x00FE70, 0x000000, 0x000000, 0x000000, 0x000000, 0x000000, 0x000000, 0x000000,/*"d",100*/

    0x000000, 0x000000, 0x000000, 0x000000, 0x000000, 0x000000, 0x000000, 0x000000, 0x000000, 0x000000, 0x000000, 0x000000, 0x000000, 0x000000, 0x000000, 0x000000,
    0x000000, 0x000000, 0x000000, 0x007F00, 0x01E1C0, 0x03C0E0, 0x078070, 0x070078, 0x0F0038, 0x0E003C, 0x1E003C, 0x1E003C, 0x1E003C, 0x1FFFFC, 0x1E0000, 0x1E0000,
    0x1E0000, 0x1E0000, 0x0E0000, 0x0F0018, 0x0F0030, 0x078030, 0x03C060, 0x01E1C0, 0x007F00, 0x000000, 0x000000, 0x000000, 0x000000, 0x000000, 0x000000, 0x000000,/*"e",101*/

    0x000000, 0x000000, 0x000000, 0x000000, 0x000000, 0x000000, 0x000000, 0x000000, 0x000000, 0x0007F8, 0x001E0E, 0x00380F, 0x00780F, 0x00F00F, 0x00F000, 0x00F000,
    0x00F000, 0x00F000, 0x00F000, 0x3FFFF0, 0x00F000, 0x00F000, 0x00F000, 0x00F000, 0x00F000, 0x00F000, 0x00F000, 0x00F000, 0x00F000, 0x00F000, 0x00F000, 0x00F000,
    0x00F000, 0x00F000, 0x00F000, 0x00F000, 0x00F000, 0x00F000, 0x00F000, 0x00F000, 0x1FFFC0, 0x000000, 0x000000, 0x000000, 0x000000, 0x000000, 0x000000, 0x000000,/*"f",102*/

    0x000000, 0x000000, 0x000000, 0x000000, 0x000000, 0x000000, 0x000000, 0x000000, 0x000000, 0x000000, 0x000000, 0x000000, 0x000000, 0x000000, 0x000000, 0x000000,
    0x000000, 0x000000, 0x000000, 0x00FF1E, 0x01C3FE, 0x0381EE, 0x0781E0, 0x0F00F0, 0x0F00F0, 0x0F00F0, 0x0F00F0, 0x0F00F0, 0x0780E0, 0x0381E0, 0x01C3C0, 0x07FF00,
    0x0F0000, 0x0F0000, 0x0F0000, 0x0FF800, 0x07FFE0, 0x03FFF8, 0x0F01F8, 0x0E007C, 0x1E003C, 0x1E003C, 0x1E003C, 0x1E0038, 0x0F0078, 0x07C1E0, 0x00FF80, 0x000000,/*"g",103*/

    0x000000, 0x000000, 0x000000, 0x000000, 0x000000, 0x000000, 0x000000, 0x030000, 0x070000, 0x7F0000, 0x0F0000, 0x0F0000, 0x0F0000, 0x0F0000, 0x0F0000, 0x0F0000,
    0x0F0000, 0x0F0000, 0x0F0000, 0x0F1FC0, 0x0F71E0, 0x0FE0F0, 0x0FC078, 0x0F8078, 0x0F0078, 0x0F0078, 0x0F0078, 0x0F0078, 0x0F0078, 0x0F0078, 0x0F0078, 0x0F0078,
    0x0F0078, 0x0F0078, 0x0F0078, 0x0F0078, 0x0F0078, 0x0F0078, 0x0F0078, 0x0F0078, 0x7FE3FF, 0x000000, 0x000000, 0x000000, 0x000000, 0x000000, 0x000000, 0x000000,/*"h",104*/

    0x000000, 0x000000, 0x000000, 0x000000, 0x000000, 0x000000, 0x000000, 0x000000, 0x001E00, 0x003F00, 0x003F00, 0x003F00, 0x001E00, 0x000000, 0x000000, 0x000000,
    0x000000, 0x000000, 0x000E00, 0x07FE00, 0x001E00, 0x001E00, 0x001E00, 0x001E00, 0x001E00, 0x001E00, 0x001E00, 0x001E00, 0x001E00, 0x001E00, 0x001E00, 0x001E00,
    0x001E00, 0x001E00, 0x001E00, 0x001E00, 0x001E00, 0x001E00, 0x001E00, 0x001E00, 0x07FFF8, 0x000000, 0x000000, 0x000000, 0x000000, 0x000000, 0x000000, 0x000000,/*"i",105*/

    0x000000, 0x000000, 0x000000, 0x000000, 0x000000, 0x000000, 0x000000, 0x000000, 0x0000F0, 0x0001F8, 0x0001F8, 0x0001F8, 0x0000F0, 0x000000, 0x000000, 0x000000,
    0x000000, 0x000000, 0x000070, 0x001FF0, 0x0000F0, 0x0000F0, 0x0000F0, 0x0000F0, 0x0000F0, 0x0000F0, 0x0000F0, 0x0000F0, 0x0000F0, 0x0000F0, 0x0000F0, 0x0000F0,
    0x0000F0, 0x0000F0, 0x0000F0, 0x0000F0, 0x0000F0, 0x0000F0, 0x0000F0, 0x0000F0, 0x0000F0, 0x0000F0, 0x0F00E0, 0x0F01E0, 0x0F03C0, 0x078700, 0x03FC00, 0x000000,/*"j",106*/

    0x000000, 0x000000, 0x000000, 0x000000, 0x000000, 0x000000, 0x000000, 0x030000, 0x070000, 0x7F0000, 0x0F0000, 0x0F0000, 0x0F0000, 0x0F0000, 0x0F0000, 0x0F0000,
    0x0F0000, 0x0F0000, 0x0F0000, 0x0F07F8, 0x0F01C0, 0x0F0380, 0x0F0380, 0x0F0700, 0x0F0E00, 0x0F1C00, 0x0F3800, 0x0F3C00, 0x0F7C00, 0x0FFE00, 0x0FDE00, 0x0F8F00,
    0x0F0780, 0x0F0780, 0x0F03C0, 0x0F03C0, 0x0F01E0, 0x0F00F0, 0x0F00F0, 0x0F00F8, 0x7FE3FE, 0x000000, 0x000000, 0x000000, 0x000000, 0x000000, 0x000000, 0x000000,/*"k",107*/

    0x000000, 0x000000, 0x000000, 0x000000, 0x000000, 0x000000, 0x000000, 0x000600, 0x001E00, 0x07FE00, 0x001E00, 0x001E00, 0x001E00, 0x001E00, 0x001E00, 0x001E00,
    0x001E00, 0x001E00, 0x001E00, 0x001E00, 0x001E00, 0x001E00, 0x001E00, 0x001E00, 0x001E00, 0x001E00, 0x001E00, 0x001E00, 0x001E00, 0x001E00, 0x001E00, 0x001E00,
    0x001E00, 0x001E00, 0x001E00, 0x001E00, 0x001E00, 0x001E00, 0x001E00, 0x001E00, 0x07FFF8, 0x000000, 0x000000, 0x000000, 0x000000, 0x000000, 0x000000, 0x000000,/*"l",108*/

    0x000000, 0x000000, 0x000000, 0x000000, 0x000000, 0x000000, 0x000000, 0x000000, 0x000000, 0x000000, 0x000000, 0x000000, 0x000000, 0x000000, 0x000000, 0x000000,
    0x000000, 0x000000, 0x060000, 0x7EFCF8, 0x1FBFBC, 0x1F1F1E, 0x1E1E1E, 0x1E1E1E, 0x1E1E1E, 0x1E1E1E, 0x1E1E1E, 0x1E1E1E, 0x1E1E1E, 0x1E1E1E, 0x1E1E1E, 0x1E1E1E,
    0x1E1E1E, 0x1E1E1E, 0x1E1E1E, 0x1E1E1E, 0x1E1E1E, 0x1E1E1E, 0x1E1E1E, 0x1E1E1E, 0x7FFFFF, 0x000000, 0x000000, 0x000000, 0x000000, 0x000000, 0x000000, 0x000000,/*"m",109*/

    0x000000, 0x000000, 0x000000, 0x000000, 0x000000, 0x000000, 0x000000, 0x000000, 0x000000, 0x000000, 0x000000, 0x000000, 0x000000, 0x000000, 0x000000, 0x000000,
    0x000000, 0x000000, 0x030000, 0x7F1FC0, 0x0F71E0, 0x0FE0F0, 0x0FC070, 0x0F8078, 0x0F0078, 0x0F0078, 0x0F0078, 0x0F0078, 0x0F0078, 0x0F0078, 0x0F0078, 0x0F0078,
    0x0F0078, 0x0F0078, 0x0F0078, 0x0F0078, 0x0F0078, 0x0F0078, 0x0F0078, 0x0F0078, 0x7FE3FF, 0x000000, 0x000000, 0x000000, 0x000000, 0x000000, 0x000000, 0x000000,/*"n",110*/

    0x000000, 0x000000, 0x000000, 0x000000, 0x000000, 0x000000, 0x000000, 0x000000, 0x000000, 0x000000, 0x000000, 0x000000, 0x000000, 0x000000, 0x000000, 0x000000,
    0x000000, 0x000000, 0x000000, 0x007F00, 0x01E3C0, 0x0380E0, 0x070070, 0x0F0038, 0x1E003C, 0x1E003C, 0x1C001C, 0x3C001E, 0x3C001E, 0x3C001E, 0x3C001E, 0x3C001E,
    0x3C001E, 0x3C001E, 0x1E003C, 0x1E003C, 0x0E0038, 0x070070, 0x0780E0, 0x01E1C0, 0x007F00, 0x000000, 0x000000, 0x000000, 0x000000, 0x000000, 0x000000, 0x000000,/*"o",111*/

    0x000000, 0x000000, 0x000000, 0x000000, 0x000000, 0x000000, 0x000000, 0x000000, 0x000000, 0x000000, 0x000000, 0x000000, 0x000000, 0x000000, 0x000000, 0x000000,
    0x000000, 0x000000, 0x000000, 0x031F80, 0x7F70E0, 0x0FC070, 0x0F8038, 0x0F803C, 0x0F003C, 0x0F001E, 0x0F001E, 0x0F001E, 0x0F001E, 0x0F001E, 0x0F001E, 0x0F001E,
    0x0F001E, 0x0F001E, 0x0F003C, 0x0F003C, 0x0F003C, 0x0F8078, 0x0FC0F0, 0x0FE1E0, 0x0F3F80, 0x0F0000, 0x0F0000, 0x0F0000, 0x0F0000, 0x0F0000, 0x7FE000, 0x000000,/*"p",112*/

    0x000000, 0x000000, 0x000000, 0x000000, 0x000000, 0x000000, 0x000000, 0x000000, 0x000000, 0x000000, 0x000000, 0x000000, 0x000000, 0x000000, 0x000000, 0x000000,
    0x000000, 0x000000, 0x000000, 0x00FE18, 0x01C3B8, 0x0781F8, 0x0F00F8, 0x0E0078, 0x1E0078, 0x1E0078, 0x3C0078, 0x3C0078, 0x3C0078, 0x3C0078, 0x3C0078, 0x3C0078,
    0x3C0078, 0x3C0078, 0x1C0078, 0x1E0078, 0x1E0078, 0x0E00F8, 0x0701F8, 0x03C3F8, 0x00FE78, 0x000078, 0x000078, 0x000078, 0x000078, 0x000078, 0x0003FF, 0x000000,/*"q",113*/

    0x000000, 0x000000, 0x000000, 0x000000, 0x000000, 0x000000, 0x000000, 0x000000, 0x000000, 0x000000, 0x000000, 0x000000, 0x000000, 0x000000, 0x000000, 0x000000,
    0x000000, 0x000000, 0x00E000, 0x3FE0F8, 0x01E39E, 0x01E71E, 0x01EC1E, 0x01FC1E, 0x01F800, 0x01F000, 0x01F000, 0x01E000, 0x01E000, 0x01E000, 0x01E000, 0x01E000,
    0x01E000, 0x01E000, 0x01E000, 0x01E000, 0x01E000, 0x01E000, 0x01E000, 0x01E000, 0x3FFF80, 0x000000, 0x000000, 0x000000, 0x000000, 0x000000, 0x000000, 0x000000,/*"r",114*/

    0x000000, 0x000000, 0x000000, 0x000000, 0x000000, 0x000000, 0x000000, 0x000000, 0x000000, 0x000000, 0x000000, 0x000000, 0x000000, 0x000000, 0x000000, 0x000000,
    0x000000, 0x000000, 0x000000, 0x007F00, 0x01E1E0, 0x03C0F0, 0x078070, 0x078070, 0x078030, 0x078000, 0x07C000, 0x03F000, 0x01FC00, 0x00FF80, 0x003FC0, 0x0007F0,
    0x0001F0, 0x0000F8, 0x0C0078, 0x0C0078, 0x0E0078, 0x0E0070, 0x0F00F0, 0x0FC1E0, 0x007F80, 0x000000, 0x000000, 0x000000, 0x000000, 0x000000, 0x000000, 0x000000,/*"s",115*/

    0x000000, 0x000000, 0x000000, 0x000000, 0x000000, 0x000000, 0x000000, 0x000000, 0x000000, 0x000000, 0x000000, 0x000000, 0x001800, 0x003800, 0x003800, 0x003800,
    0x003800, 0x007800, 0x01F800, 0x1FFFF0, 0x007800, 0x007800, 0x007800, 0x007800, 0x007800, 0x007800, 0x007800, 0x007800, 0x007800, 0x007800, 0x007800, 0x007800,
    0x007800, 0x007800, 0x007800, 0x007818, 0x007818, 0x007830, 0x003C30, 0x001C60, 0x000FC0, 0x000000, 0x000000, 0x000000, 0x000000, 0x000000, 0x000000, 0x000000,/*"t",116*/

    0x000000, 0x000000, 0x000000, 0x000000, 0x000000, 0x000000, 0x000000, 0x000000, 0x000000, 0x000000, 0x000000, 0x000000, 0x000000, 0x000000, 0x000000, 0x000000,
    0x000000, 0x000000, 0x030018, 0x7F03F8, 0x0F0078, 0x0F0078, 0x0F0078, 0x0F0078, 0x0F0078, 0x0F0078, 0x0F0078, 0x0F0078, 0x0F0078, 0x0F0078, 0x0F0078, 0x0F0078,
    0x0F0078, 0x0F0078, 0x0F0078, 0x0F0078, 0x0F00F8, 0x0700F8, 0x0781F8, 0x03C37F, 0x01FE70, 0x000000, 0x000000, 0x000000, 0x000000, 0x000000, 0x000000, 0x000000,/*"u",117*/

    0x000000, 0x000000, 0x000000, 0x000000, 0x000000, 0x000000, 0x000000, 0x000000, 0x000000, 0x000000, 0x000000, 0x000000, 0x000000, 0x000000, 0x000000, 0x000000,
    0x000000, 0x000000, 0x000000, 0x3FE1FE, 0x0F8078, 0x078070, 0x078070, 0x038060, 0x03C060, 0x03C0E0, 0x01C0C0, 0x01E0C0, 0x01E1C0, 0x00E180, 0x00F180, 0x00F380,
    0x00F300, 0x007300, 0x007F00, 0x007E00, 0x003E00, 0x003E00, 0x003C00, 0x001C00, 0x001C00, 0x000000, 0x000000, 0x000000, 0x000000, 0x000000, 0x000000, 0x000000,/*"v",118*/

    0x000000, 0x000000, 0x000000, 0x000000, 0x000000, 0x000000, 0x000000, 0x000000, 0x000000, 0x000000, 0x000000, 0x000000, 0x000000, 0x000000, 0x000000, 0x000000,
    0x000000, 0x000000, 0x000000, 0xFF7F3F, 0x3C3E0E, 0x3C1C0C, 0x1C1C0C, 0x1C1E1C, 0x1E1E1C, 0x1E1E18, 0x1E3E18, 0x0E3F38, 0x0F3F38, 0x0F3730, 0x0F7730, 0x076730,
    0x07E7F0, 0x07E7E0, 0x07E3E0, 0x03C3E0, 0x03C3E0, 0x03C3C0, 0x03C1C0, 0x01C1C0, 0x0181C0, 0x000000, 0x000000, 0x000000, 0x000000, 0x000000, 0x000000, 0x000000,/*"w",119*/

    0x000000, 0x000000, 0x000000, 0x000000, 0x000000, 0x000000, 0x000000, 0x000000, 0x000000, 0x000000, 0x000000, 0x000000, 0x000000, 0x000000, 0x000000, 0x000000,
    0x000000, 0x000000, 0x000000, 0x1FF3FC, 0x07C0F0, 0x03C0E0, 0x01E0C0, 0x01E1C0, 0x00F380, 0x007B00, 0x007F00, 0x003E00, 0x003E00, 0x001E00, 0x001E00, 0x003F00,
    0x007780, 0x007780, 0x00E3C0, 0x00C3C0, 0x01C1E0, 0x0380E0, 0x0380F0, 0x0780F8, 0x3FC3FE, 0x000000, 0x000000, 0x000000, 0x000000, 0x000000, 0x000000, 0x000000,/*"x",120*/

    0x000000, 0x000000, 0x000000, 0x000000, 0x000000, 0x000000, 0x000000, 0x000000, 0x000000, 0x000000, 0x000000, 0x000000, 0x000000, 0x000000, 0x000000, 0x000000,
    0x000000, 0x000000, 0x000000, 0x3FE3FE, 0x0F80F0, 0x078070, 0x078060, 0x0380E0, 0x03C0C0, 0x03C0C0, 0x01C1C0, 0x01E180, 0x01E180, 0x00E380, 0x00F300, 0x007300,
    0x007700, 0x007E00, 0x003E00, 0x003E00, 0x003C00, 0x001C00, 0x001C00, 0x001800, 0x001800, 0x003800, 0x003000, 0x0E7000, 0x1F6000, 0x1FE000, 0x0F8000, 0x000000,/*"y",121*/

    0x000000, 0x000000, 0x000000, 0x000000, 0x000000, 0x000000, 0x000000, 0x000000, 0x000000, 0x000000, 0x000000, 0x000000, 0x000000, 0x000000, 0x000000, 0x000000,
    0x000000, 0x000000, 0x000000, 0x0FFFF8, 0x0F00F8, 0x1E00F0, 0x1C01E0, 0x1C03E0, 0x1803C0, 0x000780, 0x000F80, 0x000F00, 0x001E00, 0x003C00, 0x007C00, 0x007800,
    0x00F000, 0x01F000, 0x01E00C, 0x03C01C, 0x07C01C, 0x078038, 0x0F0038, 0x1F00F8, 0x1FFFF8, 0x000000, 0x000000, 0x000000, 0x000000, 0x000000, 0x000000, 0x000000,/*"z",122*/

    0x000000, 0x000000, 0x000000, 0x00003C, 0x0000E0, 0x0001C0, 0x000380, 0x000380, 0x000380, 0x000380, 0x000380, 0x000380, 0x000380, 0x000380, 0x000380, 0x000380,
    0x000380, 0x000380, 0x000380, 0x000380, 0x000380, 0x000700, 0x000E00, 0x003800, 0x000E00, 0x000700, 0x000380, 0x000380, 0x000380, 0x000380, 0x000380, 0x000380,
    0x000380, 0x000380, 0x000380, 0x000380, 0x000380, 0x000380, 0x000380, 0x000380, 0x000380, 0x0001C0, 0x0001C0, 0x0000E0, 0x00003C, 0x000000, 0x000000, 0x000000,/*"{",123*/

    0x001C00, 0x001C00, 0x001C00, 0x001C00, 0x001C00, 0x001C00, 0x001C00, 0x001C00, 0x001C00, 0x001C00, 0x001C00, 0x001C00, 0x001C00, 0x001C00, 0x001C00, 0x001C00,
    0x001C00, 0x001C00, 0x001C00, 0x001C00, 0x001C00, 0x001C00, 0x001C00, 0x001C00, 0x001C00, 0x001C00, 0x001C00, 0x001C00, 0x001C00, 0x001C00, 0x001C00, 0x001C00,
    0x001C00, 0x001C00, 0x001C00, 0x001C00, 0x001C00, 0x001C00, 0x001C00, 0x001C00, 0x001C00, 0x001C00, 0x001C00, 0x001C00, 0x001C00, 0x001C00, 0x001C00, 0x001C00,/*"|",124*/

    0x000000, 0x000000, 0x000000, 0x1E0000, 0x038000, 0x01C000, 0x00E000, 0x00E000, 0x00E000, 0x00E000, 0x00E000, 0x00E000, 0x00E000, 0x00E000, 0x00E000, 0x00E000,
    0x00E000, 0x00E000, 0x00E000, 0x00E000, 0x00E000, 0x007000, 0x003800, 0x000E00, 0x003800, 0x007000, 0x00E000, 0x00E000, 0x00E000, 0x00E000, 0x00E000, 0x00E000,
    0x00E000, 0x00E000, 0x00E000, 0x00E000, 0x00E000, 0x00E000, 0x00E000, 0x00E000, 0x00E000, 0x00C000, 0x01C000, 0x038000, 0x1E0000, 0x000000, 0x000000, 0x000000,/*"}",125*/

    0x03E000, 0x0FF000, 0x0C7803, 0x183C03, 0x181E06, 0x300F06, 0x3007CC, 0x0003FC, 0x0001F0, 0x000000, 0x000000, 0x000000, 0x000000, 0x000000, 0x000000, 0x000000,
    0x000000, 0x000000, 0x000000, 0x000000, 0x000000, 0x000000, 0x000000, 0x000000, 0x000000, 0x000000, 0x000000, 0x000000, 0x000000, 0x000000, 0x000000, 0x000000,
    0x000000, 0x000000, 0x000000, 0x000000, 0x000000, 0x000000, 0x000000, 0x000000, 0x000000, 0x000000, 0x000000, 0x000000, 0x000000, 0x000000, 0x000000, 0x000000,/*"~",126*/

    0x000000, 0x000000, 0x000000, 0x000000, 0x000000, 0x000000, 0x000000, 0x000000, 0x000000, 0x000000, 0x000000, 0x000000, 0x000000, 0x000000, 0x000000, 0x000000,
    0x000000, 0x000000, 0x000000, 0x000000, 0x000000, 0x000000, 0x000000, 0x000000, 0x000000, 0x000000, 0x000000, 0x000000, 0x000000, 0x000000, 0x000000, 0x000000,
    0x000000, 0x000000, 0x000000, 0x000000, 0x000000, 0x000000, 0x000000, 0x000000, 0x000000, 0x000000, 0x000000, 0x000000, 0x000000, 0x000000, 0x000000, 0x000000,/*"Unsupported",127*/

    0x000000, 0x000000, 0x000000, 0x000000, 0x000000, 0x000000, 0x000000, 0x000000, 0x000000, 0x000000, 0x000000, 0x000000, 0x000000, 0x000000, 0x000000, 0x000000,
    0x000000, 0x000000, 0x000000, 0x000000, 0x000000, 0x000000, 0x000000, 0x000000, 0x000000, 0x000000, 0x000000, 0x000000, 0x000000, 0x000000, 0x000000, 0x000000,
    0x000000, 0x000000, 0x000000, 0x000000, 0x000000, 0x000000, 0x000000, 0x000000, 0x000000, 0x000000, 0x000000, 0x000000, 0x000000, 0x000000, 0x000000, 0x000000,/*"Unsupported",128*/

    0x000000, 0x000000, 0x000000, 0x000000, 0x000000, 0x000000, 0x000000, 0x000000, 0x000000, 0x000000, 0x000000, 0x000000, 0x000000, 0x000000, 0x000000, 0x000000,
    0x000000, 0x000000, 0x000000, 0x000000, 0x000000, 0x000000, 0x000000, 0x000000, 0x000000, 0x000000, 0x000000, 0x000000, 0x000000, 0x000000, 0x000000, 0x000000,
    0x000000, 0x000000, 0x000000, 0x000000, 0x000000, 0x000000, 0x000000, 0x000000, 0x000000, 0x000000, 0x000000, 0x000000, 0x000000, 0x000000, 0x000000, 0x000000,/*"Unsupported",129*/

    0x000000, 0x000000, 0x000000, 0x000000, 0x000000, 0x000000, 0x000000, 0x000000, 0x000000, 0x000000, 0x000000, 0x000000, 0x000000, 0x000000, 0x000000, 0x000000,
    0x000000, 0x000000, 0x000000, 0x000000, 0x000000, 0x000000, 0x000000, 0x000000, 0x000000, 0x000000, 0x000000, 0x000000, 0x000000, 0x000000, 0x000000, 0x000000,
    0x000000, 0x000000, 0x000000, 0x000000, 0x000000, 0x000000, 0x000000, 0x000000, 0x000000, 0x000000, 0x000000, 0x000000, 0x000000, 0x000000, 0x000000, 0x000000,/*"Unsupported",130*/

    0x000000, 0x000000, 0x000000, 0x000000, 0x000000, 0x000000, 0x000000, 0x000000, 0x000000, 0x000000, 0x000000, 0x000000, 0x000000, 0x000000, 0x000000, 0x000000,
    0x000000, 0x000000, 0x000000, 0x000000, 0x000000, 0x000000, 0x000000, 0x000000, 0x000000, 0x000000, 0x000000, 0x000000, 0x000000, 0x000000, 0x000000, 0x000000,
    0x000000, 0x000000, 0x000000, 0x000000, 0x000000, 0x000000, 0x000000, 0x000000, 0x000000, 0x000000, 0x000000, 0x000000, 0x000000, 0x000000, 0x000000, 0x000000,/*"Unsupported",131*/

    0x000000, 0x000000, 0x000000, 0x000000, 0x000000, 0x000000, 0x000000, 0x000000, 0x000000, 0x000000, 0x000000, 0x000000, 0x000000, 0x000000, 0x000000, 0x000000,
    0x000000, 0x000000, 0x000000, 0x000000, 0x000000, 0x000000, 0x000000, 0x000000, 0x000000, 0x000000, 0x000000, 0x000000, 0x000000, 0x000000, 0x000000, 0x000000,
    0x000000, 0x000000, 0x000000, 0x000000, 0x000000, 0x000000, 0x000000, 0x000000, 0x000000, 0x000000, 0x000000, 0x000000, 0x000000, 0x000000, 0x000000, 0x000000,/*"Unsupported",132*/

    0x000000, 0x000000, 0x000000, 0x000000, 0x000000, 0x000000, 0x000000, 0x000000, 0x000000, 0x000000, 0x000000, 0x000000, 0x000000, 0x000000, 0x000000, 0x000000,
    0x000000, 0x000000, 0x000000, 0x000000, 0x000000, 0x000000, 0x000000, 0x000000, 0x000000, 0x000000, 0x000000, 0x000000, 0x000000, 0x000000, 0x000000, 0x000000,
    0x000000, 0x000000, 0x000000, 0x000000, 0x000000, 0x000000, 0x000000, 0x000000, 0x000000, 0x000000, 0x000000, 0x000000, 0x000000, 0x000000, 0x000000, 0x000000,/*"Unsupported",133*/

    0x000000, 0x000000, 0x000000, 0x000000, 0x000000, 0x000000, 0x000000, 0x000000, 0x000000, 0x000000, 0x000000, 0x000000, 0x000000, 0x000000, 0x000000, 0x000000,
    0x000000, 0x000000, 0x000000, 0x000000, 0x000000, 0x000000, 0x000000, 0x000000, 0x000000, 0x000000, 0x000000, 0x000000, 0x000000, 0x000000, 0x000000, 0x000000,
    0x000000, 0x000000, 0x000000, 0x000000, 0x000000, 0x000000, 0x000000, 0x000000, 0x000000, 0x000000, 0x000000, 0x000000, 0x000000, 0x000000, 0x000000, 0x000000,/*"Unsupported",134*/

    0x000000, 0x000000, 0x000000, 0x000000, 0x000000, 0x000000, 0x000000, 0x000000, 0x000000, 0x000000, 0x000000, 0x000000, 0x000000, 0x000000, 0x000000, 0x000000,
    0x000000, 0x000000, 0x000000, 0x000000, 0x000000, 0x000000, 0x000000, 0x000000, 0x000000, 0x000000, 0x000000, 0x000000, 0x000000, 0x000000, 0x000000, 0x000000,
    0x000000, 0x000000, 0x000000, 0x000000, 0x000000, 0x000000, 0x000000, 0x000000, 0x000000, 0x000000, 0x000000, 0x000000, 0x000000, 0x000000, 0x000000, 0x000000,/*"Unsupported",135*/

    0x000000, 0x000000, 0x000000, 0x000000, 0x000000, 0x000000, 0x000000, 0x000000, 0x000000, 0x000000, 0x000000, 0x000000, 0x000000, 0x000000, 0x000000, 0x000000,
    0x000000, 0x000000, 0x000000, 0x000000, 0x000000, 0x000000, 0x000000, 0x000000, 0x000000, 0x000000, 0x000000, 0x000000, 0x000000, 0x000000, 0x000000, 0x000000,
    0x000000, 0x000000, 0x000000, 0x000000, 0x000000, 0x000000, 0x000000, 0x000000, 0x000000, 0x000000, 0x000000, 0x000000, 0x000000, 0x000000, 0x000000, 0x000000,/*"Unsupported",136*/

    0x000000, 0x000000, 0x000000, 0x000000, 0x000000, 0x000000, 0x000000, 0x000000, 0x000000, 0x000000, 0x000000, 0x000000, 0x000000, 0x000000, 0x000000, 0x000000,
    0x000000, 0x000000, 0x000000, 0x000000, 0x000000, 0x000000, 0x000000, 0x000000, 0x000000, 0x000000, 0x000000, 0x000000, 0x000000, 0x000000, 0x000000, 0x000000,
    0x000000, 0x000000, 0x000000, 0x000000, 0x000000, 0x000000, 0x000000, 0x000000, 0x000000, 0x000000, 0x000000, 0x000000, 0x000000, 0x000000, 0x000000, 0x000000,/*"Unsupported",137*/

    0x000000, 0x000000, 0x000000, 0x000000, 0x000000, 0x000000, 0x000000, 0x000000, 0x000000, 0x000000, 0x000000, 0x000000, 0x000000, 0x000000, 0x000000, 0x000000,
    0x000000, 0x000000, 0x000000, 0x000000, 0x000000, 0x000000, 0x000000, 0x000000, 0x000000, 0x000000, 0x000000, 0x000000, 0x000000, 0x000000, 0x000000, 0x000000,
    0x000000, 0x000000, 0x000000, 0x000000, 0x000000, 0x000000, 0x000000, 0x000000, 0x000000, 0x000000, 0x000000, 0x000000, 0x000000, 0x000000, 0x000000, 0x000000,/*"Unsupported",138*/

    0x000000, 0x000000, 0x000000, 0x000000, 0x000000, 0x000000, 0x000000, 0x000000, 0x000000, 0x000000, 0x000000, 0x000000, 0x000000, 0x000000, 0x000000, 0x000000,
    0x000000, 0x000000, 0x000000, 0x000000, 0x000000, 0x000000, 0x000000, 0x000000, 0x000000, 0x000000, 0x000000, 0x000000, 0x000000, 0x000000, 0x000000, 0x000000,
    0x000000, 0x000000, 0x000000, 0x000000, 0x000000, 0x000000, 0x000000, 0x000000, 0x000000, 0x000000, 0x000000, 0x000000, 0x000000, 0x000000, 0x000000, 0x000000,/*"Unsupported",139*/

    0x000000, 0x000000, 0x000000, 0x000000, 0x000000, 0x000000, 0x000000, 0x000000, 0x000000, 0x000000, 0x000000, 0x000000, 0x000000, 0x000000, 0x000000, 0x000000,
    0x000000, 0x000000, 0x000000, 0x000000, 0x000000, 0x000000, 0x000000, 0x000000, 0x000000, 0x000000, 0x000000, 0x000000, 0x000000, 0x000000, 0x000000, 0x000000,
    0x000000, 0x000000, 0x000000, 0x000000, 0x000000, 0x000000, 0x000000, 0x000000, 0x000000, 0x000000, 0x000000, 0x000000, 0x000000, 0x000000, 0x000000, 0x000000,/*"Unsupported",140*/

    0x000000, 0x000000, 0x000000, 0x000000, 0x000000, 0x000000, 0x000000, 0x000000, 0x000000, 0x000000, 0x000000, 0x000000, 0x000000, 0x000000, 0x000000, 0x000000,
    0x000000, 0x000000, 0x000000, 0x000000, 0x000000, 0x000000, 0x000000, 0x000000, 0x000000, 0x000000, 0x000000, 0x000000, 0x000000, 0x000000, 0x000000, 0x000000,
    0x000000, 0x000000, 0x000000, 0x000000, 0x000000, 0x000000, 0x000000, 0x000000, 0x000000, 0x000000, 0x000000, 0x000000, 0x000000, 0x000000, 0x000000, 0x000000,/*"Unsupported",141*/

    0x000000, 0x000000, 0x000000, 0x000000, 0x000000, 0x000000, 0x000000, 0x000000, 0x000000, 0x000000, 0x000000, 0x000000, 0x000000, 0x000000, 0x000000, 0x000000,
    0x000000, 0x000000, 0x000000, 0x000000, 0x000000, 0x000000, 0x000000, 0x000000, 0x000000, 0x000000, 0x000000, 0x000000, 0x000000, 0x000000, 0x000000, 0x000000,
    0x000000, 0x000000, 0x000000, 0x000000, 0x000000, 0x000000, 0x000000, 0x000000, 0x000000, 0x000000, 0x000000, 0x000000, 0x000000, 0x000000, 0x000000, 0x000000,/*"Unsupported",142*/

    0x000000, 0x000000, 0x000000, 0x000000, 0x000000, 0x000000, 0x000000, 0x000000, 0x000000, 0x000000, 0x000000, 0x000000, 0x000000, 0x000000, 0x000000, 0x000000,
    0x000000, 0x000000, 0x000000, 0x000000, 0x000000, 0x000000, 0x000000, 0x000000, 0x000000, 0x000000, 0x000000, 0x000000, 0x000000, 0x000000, 0x000000, 0x000000,
    0x000000, 0x000000, 0x000000, 0x000000, 0x000000, 0x000000, 0x000000, 0x000000, 0x000000, 0x000000, 0x000000, 0x000000, 0x000000, 0x000000, 0x000000, 0x000000,/*"Unsupported",143*/

    0x000000, 0x000000, 0x000000, 0x000000, 0x000000, 0x000000, 0x000000, 0x000000, 0x000000, 0x000000, 0x000000, 0x000000, 0x000000, 0x000000, 0x000000, 0x000000,
    0x000000, 0x000000, 0x000000, 0x000000, 0x000000, 0x000000, 0x000000, 0x000000, 0x000000, 0x000000, 0x000000, 0x000000, 0x000000, 0x000000, 0x000000, 0x000000,
    0x000000, 0x000000, 0x000000, 0x000000, 0x000000, 0x000000, 0x000000, 0x000000, 0x000000, 0x000000, 0x000000, 0x000000, 0x000000, 0x000000, 0x000000, 0x000000,/*"Unsupported",144*/

    0x000000, 0x000000, 0x000000, 0x000000, 0x000000, 0x000000, 0x000000, 0x000000, 0x000000, 0x000000, 0x000000, 0x000000, 0x000000, 0x000000, 0x000000, 0x000000,
    0x000000, 0x000000, 0x000000, 0x000000, 0x000000, 0x000000, 0x000000, 0x000000, 0x000000, 0x000000, 0x000000, 0x000000, 0x000000, 0x000000, 0x000000, 0x000000,
    0x000000, 0x000000, 0x000000, 0x000000, 0x000000, 0x000000, 0x000000, 0x000000, 0x000000, 0x000000, 0x000000, 0x000000, 0x000000, 0x000000, 0x000000, 0x000000,/*"Unsupported",145*/

    0x000000, 0x000000, 0x000000, 0x000000, 0x000000, 0x000000, 0x000000, 0x000000, 0x000000, 0x000000, 0x000000, 0x000000, 0x000000, 0x000000, 0x000000, 0x000000,
    0x000000, 0x000000, 0x000000, 0x000000, 0x000000, 0x000000, 0x000000, 0x000000, 0x000000, 0x000000, 0x000000, 0x000000, 0x000000, 0x000000, 0x000000, 0x000000,
    0x000000, 0x000000, 0x000000, 0x000000, 0x000000, 0x000000, 0x000000, 0x000000, 0x000000, 0x000000, 0x000000, 0x000000, 0x000000, 0x000000, 0x000000, 0x000000,/*"Unsupported",146*/

    0x000000, 0x000000, 0x000000, 0x000000, 0x000000, 0x000000, 0x000000, 0x000000, 0x000000, 0x000000, 0x000000, 0x000000, 0x000000, 0x000000, 0x000000, 0x000000,
    0x000000, 0x000000, 0x000000, 0x000000, 0x000000, 0x000000, 0x000000, 0x000000, 0x000000, 0x000000, 0x000000, 0x000000, 0x000000, 0x000000, 0x000000, 0x000000,
    0x000000, 0x000000, 0x000000, 0x000000, 0x000000, 0x000000, 0x000000, 0x000000, 0x000000, 0x000000, 0x000000, 0x000000, 0x000000, 0x000000, 0x000000, 0x000000,/*"Unsupported",147*/

    0x000000, 0x000000, 0x000000, 0x000000, 0x000000, 0x000000, 0x000000, 0x000000, 0x000000, 0x000000, 0x000000, 0x000000, 0x000000, 0x000000, 0x000000, 0x000000,
    0x000000, 0x000000, 0x000000, 0x000000, 0x000000, 0x000000, 0x000000, 0x000000, 0x000000, 0x000000, 0x000000, 0x000000, 0x000000, 0x000000, 0x000000, 0x000000,
    0x000000, 0x000000, 0x000000, 0x000000, 0x000000, 0x000000, 0x000000, 0x000000, 0x000000, 0x000000, 0x000000, 0x000000, 0x000000, 0x000000, 0x000000, 0x000000,/*"Unsupported",148*/

    0x000000, 0x000000, 0x000000, 0x000000, 0x000000, 0x000000, 0x000000, 0x000000, 0x000000, 0x000000, 0x000000, 0x000000, 0x000000, 0x000000, 0x000000, 0x000000,
    0x000000, 0x000000, 0x000000, 0x000000, 0x000000, 0x000000, 0x000000, 0x000000, 0x000000, 0x000000, 0x000000, 0x000000, 0x000000, 0x000000, 0x000000, 0x000000,
    0x000000, 0x000000, 0x000000, 0x000000, 0x000000, 0x000000, 0x000000, 0x000000, 0x000000, 0x000000, 0x000000, 0x000000, 0x000000, 0x000000, 0x000000, 0x000000,/*"Unsupported",149*/

    0x000000, 0x000000, 0x000000, 0x000000, 0x000000, 0x000000, 0x000000, 0x000000, 0x000000, 0x000000, 0x000000, 0x000000, 0x000000, 0x000000, 0x000000, 0x000000,
    0x000000, 0x000000, 0x000000, 0x000000, 0x000000, 0x000000, 0x000000, 0x000000, 0x000000, 0x000000, 0x000000, 0x000000, 0x000000, 0x000000, 0x000000, 0x000000,
    0x000000, 0x000000, 0x000000, 0x000000, 0x000000, 0x000000, 0x000000, 0x000000, 0x000000, 0x000000, 0x000000, 0x000000, 0x000000, 0x000000, 0x000000, 0x000000,/*"Unsupported",150*/

    0x000000, 0x000000, 0x000000, 0x000000, 0x000000, 0x000000, 0x000000, 0x000000, 0x000000, 0x000000, 0x000000, 0x000000, 0x000000, 0x000000, 0x000000, 0x000000,
    0x000000, 0x000000, 0x000000, 0x000000, 0x000000, 0x000000, 0x000000, 0x000000, 0x000000, 0x000000, 0x000000, 0x000000, 0x000000, 0x000000, 0x000000, 0x000000,
    0x000000, 0x000000, 0x000000, 0x000000, 0x000000, 0x000000, 0x000000, 0x000000, 0x000000, 0x000000, 0x000000, 0x000000, 0x000000, 0x000000, 0x000000, 0x000000,/*"Unsupported",151*/

    0x000000, 0x000000, 0x000000, 0x000000, 0x000000, 0x000000, 0x000000, 0x000000, 0x000000, 0x000000, 0x000000, 0x000000, 0x000000, 0x000000, 0x000000, 0x000000,
    0x000000, 0x000000, 0x000000, 0x000000, 0x000000, 0x000000, 0x000000, 0x000000, 0x000000, 0x000000, 0x000000, 0x000000, 0x000000, 0x000000, 0x000000, 0x000000,
    0x000000, 0x000000, 0x000000, 0x000000, 0x000000, 0x000000, 0x000000, 0x000000, 0x000000, 0x000000, 0x000000, 0x000000, 0x000000, 0x000000, 0x000000, 0x000000,/*"Unsupported",152*/

    0x000000, 0x000000, 0x000000, 0x000000, 0x000000, 0x000000, 0x000000, 0x000000, 0x000000, 0x000000, 0x000000, 0x000000, 0x000000, 0x000000, 0x000000, 0x000000,
    0x000000, 0x000000, 0x000000, 0x000000, 0x000000, 0x000000, 0x000000, 0x000000, 0x000000, 0x000000, 0x000000, 0x000000, 0x000000, 0x000000, 0x000000, 0x000000,
    0x000000, 0x000000, 0x000000, 0x000000, 0x000000, 0x000000, 0x000000, 0x000000, 0x000000, 0x000000, 0x000000, 0x000000, 0x000000, 0x000000, 0x000000, 0x000000,/*"Unsupported",153*/

    0x000000, 0x000000, 0x000000, 0x000000, 0x000000, 0x000000, 0x000000, 0x000000, 0x000000, 0x000000, 0x000000, 0x000000, 0x000000, 0x000000, 0x000000, 0x000000,
    0x000000, 0x000000, 0x000000, 0x000000, 0x000000, 0x000000, 0x000000, 0x000000, 0x000000, 0x000000, 0x000000, 0x000000, 0x000000, 0x000000, 0x000000, 0x000000,
    0x000000, 0x000000, 0x000000, 0x000000, 0x000000, 0x000000, 0x000000, 0x000000, 0x000000, 0x000000, 0x000000, 0x000000, 0x000000, 0x000000, 0x000000, 0x000000,/*"Unsupported",154*/

    0x000000, 0x000000, 0x000000, 0x000000, 0x000000, 0x000000, 0x000000, 0x000000, 0x000000, 0x000000, 0x000000, 0x000000, 0x000000, 0x000000, 0x000000, 0x000000,
    0x000000, 0x000000, 0x000000, 0x000000, 0x000000, 0x000000, 0x000000, 0x000000, 0x000000, 0x000000, 0x000000, 0x000000, 0x000000, 0x000000, 0x000000, 0x000000,
    0x000000, 0x000000, 0x000000, 0x000000, 0x000000, 0x000000, 0x000000, 0x000000, 0x000000, 0x000000, 0x000000, 0x000000, 0x000000, 0x000000, 0x000000, 0x000000,/*"Unsupported",155*/

    0x000000, 0x000000, 0x000000, 0x000000, 0x000000, 0x000000, 0x000000, 0x000000, 0x000000, 0x000000, 0x000000, 0x000000, 0x000000, 0x000000, 0x000000, 0x000000,
    0x000000, 0x000000, 0x000000, 0x000000, 0x000000, 0x000000, 0x000000, 0x000000, 0x000000, 0x000000, 0x000000, 0x000000, 0x000000, 0x000000, 0x000000, 0x000000,
    0x000000, 0x000000, 0x000000, 0x000000, 0x000000, 0x000000, 0x000000, 0x000000, 0x000000, 0x000000, 0x000000, 0x000000, 0x000000, 0x000000, 0x000000, 0x000000,/*"Unsupported",156*/

    0x000000, 0x000000, 0x000000, 0x000000, 0x000000, 0x000000, 0x000000, 0x000000, 0x000000, 0x000000, 0x000000, 0x000000, 0x000000, 0x000000, 0x000000, 0x000000,
    0x000000, 0x000000, 0x000000, 0x000000, 0x000000, 0x000000, 0x000000, 0x000000, 0x000000, 0x000000, 0x000000, 0x000000, 0x000000, 0x000000, 0x000000, 0x000000,
    0x000000, 0x000000, 0x000000, 0x000000, 0x000000, 0x000000, 0x000000, 0x000000, 0x000000, 0x000000, 0x000000, 0x000000, 0x000000, 0x000000, 0x000000, 0x000000,/*"Unsupported",157*/

    0x000000, 0x000000, 0x000000, 0x000000, 0x000000, 0x000000, 0x000000, 0x000000, 0x000000, 0x000000, 0x000000, 0x000000, 0x000000, 0x000000, 0x000000, 0x000000,
    0x000000, 0x000000, 0x000000, 0x000000, 0x000000, 0x000000, 0x000000, 0x000000, 0x000000, 0x000000, 0x000000, 0x000000, 0x000000, 0x000000, 0x000000, 0x000000,
    0x000000, 0x000000, 0x000000, 0x000000, 0x000000, 0x000000, 0x000000, 0x000000, 0x000000, 0x000000, 0x000000, 0x000000, 0x000000, 0x000000, 0x000000, 0x000000,/*"Unsupported",158*/

    0x000000, 0x000000, 0x000000, 0x000000, 0x000000, 0x000000, 0x000000, 0x000000, 0x000000, 0x000000, 0x000000, 0x000000, 0x000000, 0x000000, 0x000000, 0x000000,
    0x000000, 0x000000, 0x000000, 0x000000, 0x000000, 0x000000, 0x000000, 0x000000, 0x000000, 0x000000, 0x000000, 0x000000, 0x000000, 0x000000, 0x000000, 0x000000,
    0x000000, 0x000000, 0x000000, 0x000000, 0x000000, 0x000000, 0x000000, 0x000000, 0x000000, 0x000000, 0x000000, 0x000000, 0x000000, 0x000000, 0x000000, 0x000000,/*"Unsupported",159*/

    0x000000, 0x000000, 0x000000, 0x000000, 0x000000, 0x000000, 0x000000, 0x000000, 0x000000, 0x000000, 0x000000, 0x000000, 0x000000, 0x000000, 0x000000, 0x000000,
    0x000000, 0x000000, 0x000000, 0x000000, 0x000000, 0x000000, 0x000000, 0x000000, 0x000000, 0x000000, 0x000000, 0x000000, 0x000000, 0x000000, 0x000000, 0x000000,
    0x000000, 0x000000, 0x000000, 0x000000, 0x000000, 0x000000, 0x000000, 0x000000, 0x000000, 0x000000, 0x000000, 0x000000, 0x000000, 0x000000, 0x000000, 0x000000,/*"Unsupported",160*/

    0x000000, 0x000000, 0x000000, 0x000000, 0x000000, 0x000000, 0x000000, 0x000000, 0x000000, 0x000000, 0x000000, 0x000000, 0x000000, 0x000000, 0x000000, 0x000000,
    0x000000, 0x000000, 0x000000, 0x000000, 0x000000, 0x000000, 0x000000, 0x000000, 0x000000, 0x000000, 0x000000, 0x000000, 0x000000, 0x000000, 0x000000, 0x000000,
    0x000000, 0x000000, 0x000000, 0x000000, 0x000000, 0x000000, 0x000000, 0x000000, 0x000000, 0x000000, 0x000000, 0x000000, 0x000000, 0x000000, 0x000000, 0x000000,/*"Unsupported",161*/

    0x000000, 0x000000, 0x000000, 0x000000, 0x000000, 0x000000, 0x000000, 0x000000, 0x000000, 0x000000, 0x000000, 0x000000, 0x000000, 0x000000, 0x000000, 0x000000,
    0x000000, 0x000000, 0x000000, 0x000000, 0x000000, 0x000000, 0x000000, 0x000000, 0x000000, 0x000000, 0x000000, 0x000000, 0x000000, 0x000000, 0x000000, 0x000000,
    0x000000, 0x000000, 0x000000, 0x000000, 0x000000, 0x000000, 0x000000, 0x000000, 0x000000, 0x000000, 0x000000, 0x000000, 0x000000, 0x000000, 0x000000, 0x000000,/*"Unsupported",162*/

    0x000000, 0x000000, 0x000000, 0x000000, 0x000000, 0x000000, 0x000000, 0x000000, 0x000000, 0x000000, 0x000000, 0x000000, 0x000000, 0x000000, 0x000000, 0x000000,
    0x000000, 0x000000, 0x000000, 0x000000, 0x000000, 0x000000, 0x000000, 0x000000, 0x000000, 0x000000, 0x000000, 0x000000, 0x000000, 0x000000, 0x000000, 0x000000,
    0x000000, 0x000000, 0x000000, 0x000000, 0x000000, 0x000000, 0x000000, 0x000000, 0x000000, 0x000000, 0x000000, 0x000000, 0x000000, 0x000000, 0x000000, 0x000000,/*"Unsupported",163*/

    0x000000, 0x000000, 0x000000, 0x000000, 0x000000, 0x000000, 0x000000, 0x000000, 0x000000, 0x000000, 0x000000, 0x000000, 0x000000, 0x000000, 0x000000, 0x000000,
    0x000000, 0x000000, 0x000000, 0x000000, 0x000000, 0x000000, 0x000000, 0x000000, 0x000000, 0x000000, 0x000000, 0x000000, 0x000000, 0x000000, 0x000000, 0x000000,
    0x000000, 0x000000, 0x000000, 0x000000, 0x000000, 0x000000, 0x000000, 0x000000, 0x000000, 0x000000, 0x000000, 0x000000, 0x000000, 0x000000, 0x000000, 0x000000,/*"Unsupported",164*/

    0x000000, 0x000000, 0x000000, 0x000000, 0x000000, 0x000000, 0x000000, 0x000000, 0x000000, 0x000000, 0x000000, 0x000000, 0x000000, 0x000000, 0x000000, 0x000000,
    0x000000, 0x000000, 0x000000, 0x000000, 0x000000, 0x000000, 0x000000, 0x000000, 0x000000, 0x000000, 0x000000, 0x000000, 0x000000, 0x000000, 0x000000, 0x000000,
    0x000000, 0x000000, 0x000000, 0x000000, 0x000000, 0x000000, 0x000000, 0x000000, 0x000000, 0x000000, 0x000000, 0x000000, 0x000000, 0x000000, 0x000000, 0x000000,/*"Unsupported",165*/

    0x000000, 0x000000, 0x000000, 0x000000, 0x000000, 0x000000, 0x000000, 0x000000, 0x000000, 0x000000, 0x000000, 0x000000, 0x000000, 0x000000, 0x000000, 0x000000,
    0x000000, 0x000000, 0x000000, 0x000000, 0x000000, 0x000000, 0x000000, 0x000000, 0x000000, 0x000000, 0x000000, 0x000000, 0x000000, 0x000000, 0x000000, 0x000000,
    0x000000, 0x000000, 0x000000, 0x000000, 0x000000, 0x000000, 0x000000, 0x000000, 0x000000, 0x000000, 0x000000, 0x000000, 0x000000, 0x000000, 0x000000, 0x000000,/*"Unsupported",166*/

    0x000000, 0x000000, 0x000000, 0x000000, 0x000000, 0x000000, 0x000000, 0x000000, 0x000000, 0x000000, 0x000000, 0x000000, 0x000000, 0x000000, 0x000000, 0x000000,
    0x000000, 0x000000, 0x000000, 0x000000, 0x000000, 0x000000, 0x000000, 0x000000, 0x000000, 0x000000, 0x000000, 0x000000, 0x000000, 0x000000, 0x000000, 0x000000,
    0x000000, 0x000000, 0x000000, 0x000000, 0x000000, 0x000000, 0x000000, 0x000000, 0x000000, 0x000000, 0x000000, 0x000000, 0x000000, 0x000000, 0x000000, 0x000000,/*"Unsupported",167*/

    0x000000, 0x000000, 0x000000, 0x000000, 0x000000, 0x000000, 0x000000, 0x000000, 0x000000, 0x000000, 0x000000, 0x000000, 0x000000, 0x000000, 0x000000, 0x000000,
    0x000000, 0x000000, 0x000000, 0x000000, 0x000000, 0x000000, 0x000000, 0x000000, 0x000000, 0x000000, 0x000000, 0x000000, 0x000000, 0x000000, 0x000000, 0x000000,
    0x000000, 0x000000, 0x000000, 0x000000, 0x000000, 0x000000, 0x000000, 0x000000, 0x000000, 0x000000, 0x000000, 0x000000, 0x000000, 0x000000, 0x000000, 0x000000,/*"Unsupported",168*/

    0x000000, 0x000000, 0x000000, 0x000000, 0x000000, 0x000000, 0x000000, 0x000000, 0x000000, 0x000000, 0x000000, 0x000000, 0x000000, 0x000000, 0x000000, 0x000000,
    0x000000, 0x000000, 0x000000, 0x000000, 0x000000, 0x000000, 0x000000, 0x000000, 0x000000, 0x000000, 0x000000, 0x000000, 0x000000, 0x000000, 0x000000, 0x000000,
    0x000000, 0x000000, 0x000000, 0x000000, 0x000000, 0x000000, 0x000000, 0x000000, 0x000000, 0x000000, 0x000000, 0x000000, 0x000000, 0x000000, 0x000000, 0x000000,/*"Unsupported",169*/

    0x000000, 0x000000, 0x000000, 0x000000, 0x000000, 0x000000, 0x000000, 0x000000, 0x000000, 0x000000, 0x000000, 0x000000, 0x000000, 0x000000, 0x000000, 0x000000,
    0x000000, 0x000000, 0x000000, 0x000000, 0x000000, 0x000000, 0x000000, 0x000000, 0x000000, 0x000000, 0x000000, 0x000000, 0x000000, 0x000000, 0x000000, 0x000000,
    0x000000, 0x000000, 0x000000, 0x000000, 0x000000, 0x000000, 0x000000, 0x000000, 0x000000, 0x000000, 0x000000, 0x000000, 0x000000, 0x000000, 0x000000, 0x000000,/*"Unsupported",170*/

    0x000000, 0x000000, 0x000000, 0x000000, 0x000000, 0x000000, 0x000000, 0x000000, 0x000000, 0x000000, 0x000000, 0x000000, 0x000000, 0x000000, 0x000000, 0x000000,
    0x000000, 0x000000, 0x000000, 0x000000, 0x000000, 0x000000, 0x000000, 0x000000, 0x000000, 0x000000, 0x000000, 0x000000, 0x000000, 0x000000, 0x000000, 0x000000,
    0x000000, 0x000000, 0x000000, 0x000000, 0x000000, 0x000000, 0x000000, 0x000000, 0x000000, 0x000000, 0x000000, 0x000000, 0x000000, 0x000000, 0x000000, 0x000000,/*"Unsupported",171*/

    0x000000, 0x000000, 0x000000, 0x000000, 0x000000, 0x000000, 0x000000, 0x000000, 0x000000, 0x000000, 0x000000, 0x000000, 0x000000, 0x000000, 0x000000, 0x000000,
    0x000000, 0x000000, 0x000000, 0x000000, 0x000000, 0x000000, 0x000000, 0x000000, 0x000000, 0x000000, 0x000000, 0x000000, 0x000000, 0x000000, 0x000000, 0x000000,
    0x000000, 0x000000, 0x000000, 0x000000, 0x000000, 0x000000, 0x000000, 0x000000, 0x000000, 0x000000, 0x000000, 0x000000, 0x000000, 0x000000, 0x000000, 0x000000,/*"Unsupported",172*/

    0x000000, 0x000000, 0x000000, 0x000000, 0x000000, 0x000000, 0x000000, 0x000000, 0x000000, 0x000000, 0x000000, 0x000000, 0x000000, 0x000000, 0x000000, 0x000000,
    0x000000, 0x000000, 0x000000, 0x000000, 0x000000, 0x000000, 0x000000, 0x000000, 0x000000, 0x000000, 0x000000, 0x000000, 0x000000, 0x000000, 0x000000, 0x000000,
    0x000000, 0x000000, 0x000000, 0x000000, 0x000000, 0x000000, 0x000000, 0x000000, 0x000000, 0x000000, 0x000000, 0x000000, 0x000000, 0x000000, 0x000000, 0x000000,/*"Unsupported",173*/

    0x000000, 0x000000, 0x000000, 0x000000, 0x000000, 0x000000, 0x000000, 0x000000, 0x000000, 0x000000, 0x000000, 0x000000, 0x000000, 0x000000, 0x000000, 0x000000,
    0x000000, 0x000000, 0x000000, 0x000000, 0x000000, 0x000000, 0x000000, 0x000000, 0x000000, 0x000000, 0x000000, 0x000000, 0x000000, 0x000000, 0x000000, 0x000000,
    0x000000, 0x000000, 0x000000, 0x000000, 0x000000, 0x000000, 0x000000, 0x000000, 0x000000, 0x000000, 0x000000, 0x000000, 0x000000, 0x000000, 0x000000, 0x000000,/*"Unsupported",174*/

    0x000000, 0x000000, 0x000000, 0x000000, 0x000000, 0x000000, 0x000000, 0x000000, 0x000000, 0x000000, 0x000000, 0x000000, 0x000000, 0x000000, 0x000000, 0x000000,
    0x000000, 0x000000, 0x000000, 0x000000, 0x000000, 0x000000, 0x000000, 0x000000, 0x000000, 0x000000, 0x000000, 0x000000, 0x000000, 0x000000, 0x000000, 0x000000,
    0x000000, 0x000000, 0x000000, 0x000000, 0x000000, 0x000000, 0x000000, 0x000000, 0x000000, 0x000000, 0x000000, 0x000000, 0x000000, 0x000000, 0x000000, 0x000000,/*"Unsupported",175*/

    0x000000, 0x000000, 0x000000, 0x000000, 0x000000, 0x000000, 0x000000, 0x000000, 0x000000, 0x000000, 0x000000, 0x000000, 0x000000, 0x000000, 0x000000, 0x000000,
    0x000000, 0x000000, 0x000000, 0x000000, 0x000000, 0x000000, 0x000000, 0x000000, 0x000000, 0x000000, 0x000000, 0x000000, 0x000000, 0x000000, 0x000000, 0x000000,
    0x000000, 0x000000, 0x000000, 0x000000, 0x000000, 0x000000, 0x000000, 0x000000, 0x000000, 0x000000, 0x000000, 0x000000, 0x000000, 0x000000, 0x000000, 0x000000,/*"Unsupported",176*/

    0x000000, 0x000000, 0x000000, 0x000000, 0x000000, 0x000000, 0x000000, 0x000000, 0x000000, 0x000000, 0x000000, 0x000000, 0x000000, 0x000000, 0x000000, 0x000000,
    0x000000, 0x000000, 0x000000, 0x000000, 0x000000, 0x000000, 0x000000, 0x000000, 0x000000, 0x000000, 0x000000, 0x000000, 0x000000, 0x000000, 0x000000, 0x000000,
    0x000000, 0x000000, 0x000000, 0x000000, 0x000000, 0x000000, 0x000000, 0x000000, 0x000000, 0x000000, 0x000000, 0x000000, 0x000000, 0x000000, 0x000000, 0x000000,/*"Unsupported",177*/

    0x000000, 0x000000, 0x000000, 0x000000, 0x000000, 0x000000, 0x000000, 0x000000, 0x000000, 0x000000, 0x000000, 0x000000, 0x000000, 0x000000, 0x000000, 0x000000,
    0x000000, 0x000000, 0x000000, 0x000000, 0x000000, 0x000000, 0x000000, 0x000000, 0x000000, 0x000000, 0x000000, 0x000000, 0x000000, 0x000000, 0x000000, 0x000000,
    0x000000, 0x000000, 0x000000, 0x000000, 0x000000, 0x000000, 0x000000, 0x000000, 0x000000, 0x000000, 0x000000, 0x000000, 0x000000, 0x000000, 0x000000, 0x000000,/*"Unsupported",178*/

    0x000000, 0x000000, 0x000000, 0x000000, 0x000000, 0x000000, 0x000000, 0x000000, 0x000000, 0x000000, 0x000000, 0x000000, 0x000000, 0x000000, 0x000000, 0x000000,
    0x000000, 0x000000, 0x000000, 0x000000, 0x000000, 0x000000, 0x000000, 0x000000, 0x000000, 0x000000, 0x000000, 0x000000, 0x000000, 0x000000, 0x000000, 0x000000,
    0x000000, 0x000000, 0x000000, 0x000000, 0x000000, 0x000000, 0x000000, 0x000000, 0x000000, 0x000000, 0x000000, 0x000000, 0x000000, 0x000000, 0x000000, 0x000000,/*"Unsupported",179*/

    0x000000, 0x000000, 0x000000, 0x000000, 0x000000, 0x000000, 0x000000, 0x000000, 0x000000, 0x000000, 0x000000, 0x000000, 0x000000, 0x000000, 0x000000, 0x000000,
    0x000000, 0x000000, 0x000000, 0x000000, 0x000000, 0x000000, 0x000000, 0x000000, 0x000000, 0x000000, 0x000000, 0x000000, 0x000000, 0x000000, 0x000000, 0x000000,
    0x000000, 0x000000, 0x000000, 0x000000, 0x000000, 0x000000, 0x000000, 0x000000, 0x000000, 0x000000, 0x000000, 0x000000, 0x000000, 0x000000, 0x000000, 0x000000,/*"Unsupported",180*/

    0x000000, 0x000000, 0x000000, 0x000000, 0x000000, 0x000000, 0x000000, 0x000000, 0x000000, 0x000000, 0x000000, 0x000000, 0x000000, 0x000000, 0x000000, 0x000000,
    0x000000, 0x000000, 0x000000, 0x000000, 0x000000, 0x000000, 0x000000, 0x000000, 0x000000, 0x000000, 0x000000, 0x000000, 0x000000, 0x000000, 0x000000, 0x000000,
    0x000000, 0x000000, 0x000000, 0x000000, 0x000000, 0x000000, 0x000000, 0x000000, 0x000000, 0x000000, 0x000000, 0x000000, 0x000000, 0x000000, 0x000000, 0x000000,/*"Unsupported",181*/

    0x000000, 0x000000, 0x000000, 0x000000, 0x000000, 0x000000, 0x000000, 0x000000, 0x000000, 0x000000, 0x000000, 0x000000, 0x000000, 0x000000, 0x000000, 0x000000,
    0x000000, 0x000000, 0x000000, 0x000000, 0x000000, 0x000000, 0x000000, 0x000000, 0x000000, 0x000000, 0x000000, 0x000000, 0x000000, 0x000000, 0x000000, 0x000000,
    0x000000, 0x000000, 0x000000, 0x000000, 0x000000, 0x000000, 0x000000, 0x000000, 0x000000, 0x000000, 0x000000, 0x000000, 0x000000, 0x000000, 0x000000, 0x000000,/*"Unsupported",182*/

    0x000000, 0x000000, 0x000000, 0x000000, 0x000000, 0x000000, 0x000000, 0x000000, 0x000000, 0x000000, 0x000000, 0x000000, 0x000000, 0x000000, 0x000000, 0x000000,
    0x000000, 0x000000, 0x000000, 0x000000, 0x000000, 0x000000, 0x000000, 0x000000, 0x000000, 0x000000, 0x000000, 0x000000, 0x000000, 0x000000, 0x000000, 0x000000,
    0x000000, 0x000000, 0x000000, 0x000000, 0x000000, 0x000000, 0x000000, 0x000000, 0x000000, 0x000000, 0x000000, 0x000000, 0x000000, 0x000000, 0x000000, 0x000000,/*"Unsupported",183*/

    0x000000, 0x000000, 0x000000, 0x000000, 0x000000, 0x000000, 0x000000, 0x000000, 0x000000, 0x000000, 0x000000, 0x000000, 0x000000, 0x000000, 0x000000, 0x000000,
    0x000000, 0x000000, 0x000000, 0x000000, 0x000000, 0x000000, 0x000000, 0x000000, 0x000000, 0x000000, 0x000000, 0x000000, 0x000000, 0x000000, 0x000000, 0x000000,
    0x000000, 0x000000, 0x000000, 0x000000, 0x000000, 0x000000, 0x000000, 0x000000, 0x000000, 0x000000, 0x000000, 0x000000, 0x000000, 0x000000, 0x000000, 0x000000,/*"Unsupported",184*/

    0x000000, 0x000000, 0x000000, 0x000000, 0x000000, 0x000000, 0x000000, 0x000000, 0x000000, 0x000000, 0x000000, 0x000000, 0x000000, 0x000000, 0x000000, 0x000000,
    0x000000, 0x000000, 0x000000, 0x000000, 0x000000, 0x000000, 0x000000, 0x000000, 0x000000, 0x000000, 0x000000, 0x000000, 0x000000, 0x000000, 0x000000, 0x000000,
    0x000000, 0x000000, 0x000000, 0x000000, 0x000000, 0x000000, 0x000000, 0x000000, 0x000000, 0x000000, 0x000000, 0x000000, 0x000000, 0x000000, 0x000000, 0x000000,/*"Unsupported",185*/

    0x000000, 0x000000, 0x000000, 0x000000, 0x000000, 0x000000, 0x000000, 0x000000, 0x000000, 0x000000, 0x000000, 0x000000, 0x000000, 0x000000, 0x000000, 0x000000,
    0x000000, 0x000000, 0x000000, 0x000000, 0x000000, 0x000000, 0x000000, 0x000000, 0x000000, 0x000000, 0x000000, 0x000000, 0x000000, 0x000000, 0x000000, 0x000000,
    0x000000, 0x000000, 0x000000, 0x000000, 0x000000, 0x000000, 0x000000, 0x000000, 0x000000, 0x000000, 0x000000, 0x000000, 0x000000, 0x000000, 0x000000, 0x000000,/*"Unsupported",186*/

    0x000000, 0x000000, 0x000000, 0x000000, 0x000000, 0x000000, 0x000000, 0x000000, 0x000000, 0x000000, 0x000000, 0x000000, 0x000000, 0x000000, 0x000000, 0x000000,
    0x000000, 0x000000, 0x000000, 0x000000, 0x000000, 0x000000, 0x000000, 0x000000, 0x000000, 0x000000, 0x000000, 0x000000, 0x000000, 0x000000, 0x000000, 0x000000,
    0x000000, 0x000000, 0x000000, 0x000000, 0x000000, 0x000000, 0x000000, 0x000000, 0x000000, 0x000000, 0x000000, 0x000000, 0x000000, 0x000000, 0x000000, 0x000000,/*"Unsupported",187*/

    0x000000, 0x000000, 0x000000, 0x000000, 0x000000, 0x000000, 0x000000, 0x000000, 0x000000, 0x000000, 0x000000, 0x000000, 0x000000, 0x000000, 0x000000, 0x000000,
    0x000000, 0x000000, 0x000000, 0x000000, 0x000000, 0x000000, 0x000000, 0x000000, 0x000000, 0x000000, 0x000000, 0x000000, 0x000000, 0x000000, 0x000000, 0x000000,
    0x000000, 0x000000, 0x000000, 0x000000, 0x000000, 0x000000, 0x000000, 0x000000, 0x000000, 0x000000, 0x000000, 0x000000, 0x000000, 0x000000, 0x000000, 0x000000,/*"Unsupported",188*/

    0x000000, 0x000000, 0x000000, 0x000000, 0x000000, 0x000000, 0x000000, 0x000000, 0x000000, 0x000000, 0x000000, 0x000000, 0x000000, 0x000000, 0x000000, 0x000000,
    0x000000, 0x000000, 0x000000, 0x000000, 0x000000, 0x000000, 0x000000, 0x000000, 0x000000, 0x000000, 0x000000, 0x000000, 0x000000, 0x000000, 0x000000, 0x000000,
    0x000000, 0x000000, 0x000000, 0x000000, 0x000000, 0x000000, 0x000000, 0x000000, 0x000000, 0x000000, 0x000000, 0x000000, 0x000000, 0x000000, 0x000000, 0x000000,/*"Unsupported",189*/

    0x000000, 0x000000, 0x000000, 0x000000, 0x000000, 0x000000, 0x000000, 0x000000, 0x000000, 0x000000, 0x000000, 0x000000, 0x000000, 0x000000, 0x000000, 0x000000,
    0x000000, 0x000000, 0x000000, 0x000000, 0x000000, 0x000000, 0x000000, 0x000000, 0x000000, 0x000000, 0x000000, 0x000000, 0x000000, 0x000000, 0x000000, 0x000000,
    0x000000, 0x000000, 0x000000, 0x000000, 0x000000, 0x000000, 0x000000, 0x000000, 0x000000, 0x000000, 0x000000, 0x000000, 0x000000, 0x000000, 0x000000, 0x000000,/*"Unsupported",190*/

    0x000000, 0x000000, 0x000000, 0x000000, 0x000000, 0x000000, 0x000000, 0x000000, 0x000000, 0x000000, 0x000000, 0x000000, 0x000000, 0x000000, 0x000000, 0x000000,
    0x000000, 0x000000, 0x000000, 0x000000, 0x000000, 0x000000, 0x000000, 0x000000, 0x000000, 0x000000, 0x000000, 0x000000, 0x000000, 0x000000, 0x000000, 0x000000,
    0x000000, 0x000000, 0x000000, 0x000000, 0x000000, 0x000000, 0x000000, 0x000000, 0x000000, 0x000000, 0x000000, 0x000000, 0x000000, 0x000000, 0x000000, 0x000000,/*"Unsupported",191*/

    0x000000, 0x000000, 0x000000, 0x000000, 0x000000, 0x000000, 0x000000, 0x000000, 0x000000, 0x000000, 0x000000, 0x000000, 0x000000, 0x000000, 0x000000, 0x000000,
    0x000000, 0x000000, 0x000000, 0x000000, 0x000000, 0x000000, 0x000000, 0x000000, 0x000000, 0x000000, 0x000000, 0x000000, 0x000000, 0x000000, 0x000000, 0x000000,
    0x000000, 0x000000, 0x000000, 0x000000, 0x000000, 0x000000, 0x000000, 0x000000, 0x000000, 0x000000, 0x000000, 0x000000, 0x000000, 0x000000, 0x000000, 0x000000,/*"Unsupported",192*/

    0x000000, 0x000000, 0x000000, 0x000000, 0x000000, 0x000000, 0x000000, 0x000000, 0x000000, 0x000000, 0x000000, 0x000000, 0x000000, 0x000000, 0x000000, 0x000000,
    0x000000, 0x000000, 0x000000, 0x000000, 0x000000, 0x000000, 0x000000, 0x000000, 0x000000, 0x000000, 0x000000, 0x000000, 0x000000, 0x000000, 0x000000, 0x000000,
    0x000000, 0x000000, 0x000000, 0x000000, 0x000000, 0x000000, 0x000000, 0x000000, 0x000000, 0x000000, 0x000000, 0x000000, 0x000000, 0x000000, 0x000000, 0x000000,/*"Unsupported",193*/

    0x000000, 0x000000, 0x000000, 0x000000, 0x000000, 0x000000, 0x000000, 0x000000, 0x000000, 0x000000, 0x000000, 0x000000, 0x000000, 0x000000, 0x000000, 0x000000,
    0x000000, 0x000000, 0x000000, 0x000000, 0x000000, 0x000000, 0x000000, 0x000000, 0x000000, 0x000000, 0x000000, 0x000000, 0x000000, 0x000000, 0x000000, 0x000000,
    0x000000, 0x000000, 0x000000, 0x000000, 0x000000, 0x000000, 0x000000, 0x000000, 0x000000, 0x000000, 0x000000, 0x000000, 0x000000, 0x000000, 0x000000, 0x000000,/*"Unsupported",194*/

    0x000000, 0x000000, 0x000000, 0x000000, 0x000000, 0x000000, 0x000000, 0x000000, 0x000000, 0x000000, 0x000000, 0x000000, 0x000000, 0x000000, 0x000000, 0x000000,
    0x000000, 0x000000, 0x000000, 0x000000, 0x000000, 0x000000, 0x000000, 0x000000, 0x000000, 0x000000, 0x000000, 0x000000, 0x000000, 0x000000, 0x000000, 0x000000,
    0x000000, 0x000000, 0x000000, 0x000000, 0x000000, 0x000000, 0x000000, 0x000000, 0x000000, 0x000000, 0x000000, 0x000000, 0x000000, 0x000000, 0x000000, 0x000000,/*"Unsupported",195*/

    0x000000, 0x000000, 0x000000, 0x000000, 0x000000, 0x000000, 0x000000, 0x000000, 0x000000, 0x000000, 0x000000, 0x000000, 0x000000, 0x000000, 0x000000, 0x000000,
    0x000000, 0x000000, 0x000000, 0x000000, 0x000000, 0x000000, 0x000000, 0x000000, 0x000000, 0x000000, 0x000000, 0x000000, 0x000000, 0x000000, 0x000000, 0x000000,
    0x000000, 0x000000, 0x000000, 0x000000, 0x000000, 0x000000, 0x000000, 0x000000, 0x000000, 0x000000, 0x000000, 0x000000, 0x000000, 0x000000, 0x000000, 0x000000,/*"Unsupported",196*/

    0x000000, 0x000000, 0x000000, 0x000000, 0x000000, 0x000000, 0x000000, 0x000000, 0x000000, 0x000000, 0x000000, 0x000000, 0x000000, 0x000000, 0x000000, 0x000000,
    0x000000, 0x000000, 0x000000, 0x000000, 0x000000, 0x000000, 0x000000, 0x000000, 0x000000, 0x000000, 0x000000, 0x000000, 0x000000, 0x000000, 0x000000, 0x000000,
    0x000000, 0x000000, 0x000000, 0x000000, 0x000000, 0x000000, 0x000000, 0x000000, 0x000000, 0x000000, 0x000000, 0x000000, 0x000000, 0x000000, 0x000000, 0x000000,/*"Unsupported",197*/

    0x000000, 0x000000, 0x000000, 0x000000, 0x000000, 0x000000, 0x000000, 0x000000, 0x000000, 0x000000, 0x000000, 0x000000, 0x000000, 0x000000, 0x000000, 0x000000,
    0x000000, 0x000000, 0x000000, 0x000000, 0x000000, 0x000000, 0x000000, 0x000000, 0x000000, 0x000000, 0x000000, 0x000000, 0x000000, 0x000000, 0x000000, 0x000000,
    0x000000, 0x000000, 0x000000, 0x000000, 0x000000, 0x000000, 0x000000, 0x000000, 0x000000, 0x000000, 0x000000, 0x000000, 0x000000, 0x000000, 0x000000, 0x000000,/*"Unsupported",198*/

    0x000000, 0x000000, 0x000000, 0x000000, 0x000000, 0x000000, 0x000000, 0x000000, 0x000000, 0x000000, 0x000000, 0x000000, 0x000000, 0x000000, 0x000000, 0x000000,
    0x000000, 0x000000, 0x000000, 0x000000, 0x000000, 0x000000, 0x000000, 0x000000, 0x000000, 0x000000, 0x000000, 0x000000, 0x000000, 0x000000, 0x000000, 0x000000,
    0x000000, 0x000000, 0x000000, 0x000000, 0x000000, 0x000000, 0x000000, 0x000000, 0x000000, 0x000000, 0x000000, 0x000000, 0x000000, 0x000000, 0x000000, 0x000000,/*"Unsupported",199*/

    0x000000, 0x000000, 0x000000, 0x000000, 0x000000, 0x000000, 0x000000, 0x000000, 0x000000, 0x000000, 0x000000, 0x000000, 0x000000, 0x000000, 0x000000, 0x000000,
    0x000000, 0x000000, 0x000000, 0x000000, 0x000000, 0x000000, 0x000000, 0x000000, 0x000000, 0x000000, 0x000000, 0x000000, 0x000000, 0x000000, 0x000000, 0x000000,
    0x000000, 0x000000, 0x000000, 0x000000, 0x000000, 0x000000, 0x000000, 0x000000, 0x000000, 0x000000, 0x000000, 0x000000, 0x000000, 0x000000, 0x000000, 0x000000,/*"Unsupported",200*/

    0x000000, 0x000000, 0x000000, 0x000000, 0x000000, 0x000000, 0x000000, 0x000000, 0x000000, 0x000000, 0x000000, 0x000000, 0x000000, 0x000000, 0x000000, 0x000000,
    0x000000, 0x000000, 0x000000, 0x000000, 0x000000, 0x000000, 0x000000, 0x000000, 0x000000, 0x000000, 0x000000, 0x000000, 0x000000, 0x000000, 0x000000, 0x000000,
    0x000000, 0x000000, 0x000000, 0x000000, 0x000000, 0x000000, 0x000000, 0x000000, 0x000000, 0x000000, 0x000000, 0x000000, 0x000000, 0x000000, 0x000000, 0x000000,/*"Unsupported",201*/

    0x000000, 0x000000, 0x000000, 0x000000, 0x000000, 0x000000, 0x000000, 0x000000, 0x000000, 0x000000, 0x000000, 0x000000, 0x000000, 0x000000, 0x000000, 0x000000,
    0x000000, 0x000000, 0x000000, 0x000000, 0x000000, 0x000000, 0x000000, 0x000000, 0x000000, 0x000000, 0x000000, 0x000000, 0x000000, 0x000000, 0x000000, 0x000000,
    0x000000, 0x000000, 0x000000, 0x000000, 0x000000, 0x000000, 0x000000, 0x000000, 0x000000, 0x000000, 0x000000, 0x000000, 0x000000, 0x000000, 0x000000, 0x000000,/*"Unsupported",202*/

    0x000000, 0x000000, 0x000000, 0x000000, 0x000000, 0x000000, 0x000000, 0x000000, 0x000000, 0x000000, 0x000000, 0x000000, 0x000000, 0x000000, 0x000000, 0x000000,
    0x000000, 0x000000, 0x000000, 0x000000, 0x000000, 0x000000, 0x000000, 0x000000, 0x000000, 0x000000, 0x000000, 0x000000, 0x000000, 0x000000, 0x000000, 0x000000,
    0x000000, 0x000000, 0x000000, 0x000000, 0x000000, 0x000000, 0x000000, 0x000000, 0x000000, 0x000000, 0x000000, 0x000000, 0x000000, 0x000000, 0x000000, 0x000000,/*"Unsupported",203*/

    0x000000, 0x000000, 0x000000, 0x000000, 0x000000, 0x000000, 0x000000, 0x000000, 0x000000, 0x000000, 0x000000, 0x000000, 0x000000, 0x000000, 0x000000, 0x000000,
    0x000000, 0x000000, 0x000000, 0x000000, 0x000000, 0x000000, 0x000000, 0x000000, 0x000000, 0x000000, 0x000000, 0x000000, 0x000000, 0x000000, 0x000000, 0x000000,
    0x000000, 0x000000, 0x000000, 0x000000, 0x000000, 0x000000, 0x000000, 0x000000, 0x000000, 0x000000, 0x000000, 0x000000, 0x000000, 0x000000, 0x000000, 0x000000,/*"Unsupported",204*/

    0x000000, 0x000000, 0x000000, 0x000000, 0x000000, 0x000000, 0x000000, 0x000000, 0x000000, 0x000000, 0x000000, 0x000000, 0x000000, 0x000000, 0x000000, 0x000000,
    0x000000, 0x000000, 0x000000, 0x000000, 0x000000, 0x000000, 0x000000, 0x000000, 0x000000, 0x000000, 0x000000, 0x000000, 0x000000, 0x000000, 0x000000, 0x000000,
    0x000000, 0x000000, 0x000000, 0x000000, 0x000000, 0x000000, 0x000000, 0x000000, 0x000000, 0x000000, 0x000000, 0x000000, 0x000000, 0x000000, 0x000000, 0x000000,/*"Unsupported",205*/

    0x000000, 0x000000, 0x000000, 0x000000, 0x000000, 0x000000, 0x000000, 0x000000, 0x000000, 0x000000, 0x000000, 0x000000, 0x000000, 0x000000, 0x000000, 0x000000,
    0x000000, 0x000000, 0x000000, 0x000000, 0x000000, 0x000000, 0x000000, 0x000000, 0x000000, 0x000000, 0x000000, 0x000000, 0x000000, 0x000000, 0x000000, 0x000000,
    0x000000, 0x000000, 0x000000, 0x000000, 0x000000, 0x000000, 0x000000, 0x000000, 0x000000, 0x000000, 0x000000, 0x000000, 0x000000, 0x000000, 0x000000, 0x000000,/*"Unsupported",206*/

    0x000000, 0x000000, 0x000000, 0x000000, 0x000000, 0x000000, 0x000000, 0x000000, 0x000000, 0x000000, 0x000000, 0x000000, 0x000000, 0x000000, 0x000000, 0x000000,
    0x000000, 0x000000, 0x000000, 0x000000, 0x000000, 0x000000, 0x000000, 0x000000, 0x000000, 0x000000, 0x000000, 0x000000, 0x000000, 0x000000, 0x000000, 0x000000,
    0x000000, 0x000000, 0x000000, 0x000000, 0x000000, 0x000000, 0x000000, 0x000000, 0x000000, 0x000000, 0x000000, 0x000000, 0x000000, 0x000000, 0x000000, 0x000000,/*"Unsupported",207*/

    0x000000, 0x000000, 0x000000, 0x000000, 0x000000, 0x000000, 0x000000, 0x000000, 0x000000, 0x000000, 0x000000, 0x000000, 0x000000, 0x000000, 0x000000, 0x000000,
    0x000000, 0x000000, 0x000000, 0x000000, 0x000000, 0x000000, 0x000000, 0x000000, 0x000000, 0x000000, 0x000000, 0x000000, 0x000000, 0x000000, 0x000000, 0x000000,
    0x000000, 0x000000, 0x000000, 0x000000, 0x000000, 0x000000, 0x000000, 0x000000, 0x000000, 0x000000, 0x000000, 0x000000, 0x000000, 0x000000, 0x000000, 0x000000,/*"Unsupported",208*/

    0x000000, 0x000000, 0x000000, 0x000000, 0x000000, 0x000000, 0x000000, 0x000000, 0x000000, 0x000000, 0x000000, 0x000000, 0x000000, 0x000000, 0x000000, 0x000000,
    0x000000, 0x000000, 0x000000, 0x000000, 0x000000, 0x000000, 0x000000, 0x000000, 0x000000, 0x000000, 0x000000, 0x000000, 0x000000, 0x000000, 0x000000, 0x000000,
    0x000000, 0x000000, 0x000000, 0x000000, 0x000000, 0x000000, 0x000000, 0x000000, 0x000000, 0x000000, 0x000000, 0x000000, 0x000000, 0x000000, 0x000000, 0x000000,/*"Unsupported",209*/

    0x000000, 0x000000, 0x000000, 0x000000, 0x000000, 0x000000, 0x000000, 0x000000, 0x000000, 0x000000, 0x000000, 0x000000, 0x000000, 0x000000, 0x000000, 0x000000,
    0x000000, 0x000000, 0x000000, 0x000000, 0x000000, 0x000000, 0x000000, 0x000000, 0x000000, 0x000000, 0x000000, 0x000000, 0x000000, 0x000000, 0x000000, 0x000000,
    0x000000, 0x000000, 0x000000, 0x000000, 0x000000, 0x000000, 0x000000, 0x000000, 0x000000, 0x000000, 0x000000, 0x000000, 0x000000, 0x000000, 0x000000, 0x000000,/*"Unsupported",210*/

    0x000000, 0x000000, 0x000000, 0x000000, 0x000000, 0x000000, 0x000000, 0x000000, 0x000000, 0x000000, 0x000000, 0x000000, 0x000000, 0x000000, 0x000000, 0x000000,
    0x000000, 0x000000, 0x000000, 0x000000, 0x000000, 0x000000, 0x000000, 0x000000, 0x000000, 0x000000, 0x000000, 0x000000, 0x000000, 0x000000, 0x000000, 0x000000,
    0x000000, 0x000000, 0x000000, 0x000000, 0x000000, 0x000000, 0x000000, 0x000000, 0x000000, 0x000000, 0x000000, 0x000000, 0x000000, 0x000000, 0x000000, 0x000000,/*"Unsupported",211*/

    0x000000, 0x000000, 0x000000, 0x000000, 0x000000, 0x000000, 0x000000, 0x000000, 0x000000, 0x000000, 0x000000, 0x000000, 0x000000, 0x000000, 0x000000, 0x000000,
    0x000000, 0x000000, 0x000000, 0x000000, 0x000000, 0x000000, 0x000000, 0x000000, 0x000000, 0x000000, 0x000000, 0x000000, 0x000000, 0x000000, 0x000000, 0x000000,
    0x000000, 0x000000, 0x000000, 0x000000, 0x000000, 0x000000, 0x000000, 0x000000, 0x000000, 0x000000, 0x000000, 0x000000, 0x000000, 0x000000, 0x000000, 0x000000,/*"Unsupported",212*/

    0x000000, 0x000000, 0x000000, 0x000000, 0x000000, 0x000000, 0x000000, 0x000000, 0x000000, 0x000000, 0x000000, 0x000000, 0x000000, 0x000000, 0x000000, 0x000000,
    0x000000, 0x000000, 0x000000, 0x000000, 0x000000, 0x000000, 0x000000, 0x000000, 0x000000, 0x000000, 0x000000, 0x000000, 0x000000, 0x000000, 0x000000, 0x000000,
    0x000000, 0x000000, 0x000000, 0x000000, 0x000000, 0x000000, 0x000000, 0x000000, 0x000000, 0x000000, 0x000000, 0x000000, 0x000000, 0x000000, 0x000000, 0x000000,/*"Unsupported",213*/

    0x000000, 0x000000, 0x000000, 0x000000, 0x000000, 0x000000, 0x000000, 0x000000, 0x000000, 0x000000, 0x000000, 0x000000, 0x000000, 0x000000, 0x000000, 0x000000,
    0x000000, 0x000000, 0x000000, 0x000000, 0x000000, 0x000000, 0x000000, 0x000000, 0x000000, 0x000000, 0x000000, 0x000000, 0x000000, 0x000000, 0x000000, 0x000000,
    0x000000, 0x000000, 0x000000, 0x000000, 0x000000, 0x000000, 0x000000, 0x000000, 0x000000, 0x000000, 0x000000, 0x000000, 0x000000, 0x000000, 0x000000, 0x000000,/*"Unsupported",214*/

    0x000000, 0x000000, 0x000000, 0x000000, 0x000000, 0x000000, 0x000000, 0x000000, 0x000000, 0x000000, 0x000000, 0x000000, 0x000000, 0x000000, 0x000000, 0x000000,
    0x000000, 0x000000, 0x000000, 0x000000, 0x000000, 0x000000, 0x000000, 0x000000, 0x000000, 0x000000, 0x000000, 0x000000, 0x000000, 0x000000, 0x000000, 0x000000,
    0x000000, 0x000000, 0x000000, 0x000000, 0x000000, 0x000000, 0x000000, 0x000000, 0x000000, 0x000000, 0x000000, 0x000000, 0x000000, 0x000000, 0x000000, 0x000000,/*"Unsupported",215*/

    0x000000, 0x000000, 0x000000, 0x000000, 0x000000, 0x000000, 0x000000, 0x000000, 0x000000, 0x000000, 0x000000, 0x000000, 0x000000, 0x000000, 0x000000, 0x000000,
    0x000000, 0x000000, 0x000000, 0x000000, 0x000000, 0x000000, 0x000000, 0x000000, 0x000000, 0x000000, 0x000000, 0x000000, 0x000000, 0x000000, 0x000000, 0x000000,
    0x000000, 0x000000, 0x000000, 0x000000, 0x000000, 0x000000, 0x000000, 0x000000, 0x000000, 0x000000, 0x000000, 0x000000, 0x000000, 0x000000, 0x000000, 0x000000,/*"Unsupported",216*/

    0x000000, 0x000000, 0x000000, 0x000000, 0x000000, 0x000000, 0x000000, 0x000000, 0x000000, 0x000000, 0x000000, 0x000000, 0x000000, 0x000000, 0x000000, 0x000000,
    0x000000, 0x000000, 0x000000, 0x000000, 0x000000, 0x000000, 0x000000, 0x000000, 0x000000, 0x000000, 0x000000, 0x000000, 0x000000, 0x000000, 0x000000, 0x000000,
    0x000000, 0x000000, 0x000000, 0x000000, 0x000000, 0x000000, 0x000000, 0x000000, 0x000000, 0x000000, 0x000000, 0x000000, 0x000000, 0x000000, 0x000000, 0x000000,/*"Unsupported",217*/

    0x000000, 0x000000, 0x000000, 0x000000, 0x000000, 0x000000, 0x000000, 0x000000, 0x000000, 0x000000, 0x000000, 0x000000, 0x000000, 0x000000, 0x000000, 0x000000,
    0x000000, 0x000000, 0x000000, 0x000000, 0x000000, 0x000000, 0x000000, 0x000000, 0x000000, 0x000000, 0x000000, 0x000000, 0x000000, 0x000000, 0x000000, 0x000000,
    0x000000, 0x000000, 0x000000, 0x000000, 0x000000, 0x000000, 0x000000, 0x000000, 0x000000, 0x000000, 0x000000, 0x000000, 0x000000, 0x000000, 0x000000, 0x000000,/*"Unsupported",218*/

    0x000000, 0x000000, 0x000000, 0x000000, 0x000000, 0x000000, 0x000000, 0x000000, 0x000000, 0x000000, 0x000000, 0x000000, 0x000000, 0x000000, 0x000000, 0x000000,
    0x000000, 0x000000, 0x000000, 0x000000, 0x000000, 0x000000, 0x000000, 0x000000, 0x000000, 0x000000, 0x000000, 0x000000, 0x000000, 0x000000, 0x000000, 0x000000,
    0x000000, 0x000000, 0x000000, 0x000000, 0x000000, 0x000000, 0x000000, 0x000000, 0x000000, 0x000000, 0x000000, 0x000000, 0x000000, 0x000000, 0x000000, 0x000000,/*"Unsupported",219*/

    0x000000, 0x000000, 0x000000, 0x000000, 0x000000, 0x000000, 0x000000, 0x000000, 0x000000, 0x000000, 0x000000, 0x000000, 0x000000, 0x000000, 0x000000, 0x000000,
    0x000000, 0x000000, 0x000000, 0x000000, 0x000000, 0x000000, 0x000000, 0x000000, 0x000000, 0x000000, 0x000000, 0x000000, 0x000000, 0x000000, 0x000000, 0x000000,
    0x000000, 0x000000, 0x000000, 0x000000, 0x000000, 0x000000, 0x000000, 0x000000, 0x000000, 0x000000, 0x000000, 0x000000, 0x000000, 0x000000, 0x000000, 0x000000,/*"Unsupported",220*/

    0x000000, 0x000000, 0x000000, 0x000000, 0x000000, 0x000000, 0x000000, 0x000000, 0x000000, 0x000000, 0x000000, 0x000000, 0x000000, 0x000000, 0x000000, 0x000000,
    0x000000, 0x000000, 0x000000, 0x000000, 0x000000, 0x000000, 0x000000, 0x000000, 0x000000, 0x000000, 0x000000, 0x000000, 0x000000, 0x000000, 0x000000, 0x000000,
    0x000000, 0x000000, 0x000000, 0x000000, 0x000000, 0x000000, 0x000000, 0x000000, 0x000000, 0x000000, 0x000000, 0x000000, 0x000000, 0x000000, 0x000000, 0x000000,/*"Unsupported",221*/

    0x000000, 0x000000, 0x000000, 0x000000, 0x000000, 0x000000, 0x000000, 0x000000, 0x000000, 0x000000, 0x000000, 0x000000, 0x000000, 0x000000, 0x000000, 0x000000,
    0x000000, 0x000000, 0x000000, 0x000000, 0x000000, 0x000000, 0x000000, 0x000000, 0x000000, 0x000000, 0x000000, 0x000000, 0x000000, 0x000000, 0x000000, 0x000000,
    0x000000, 0x000000, 0x000000, 0x000000, 0x000000, 0x000000, 0x000000, 0x000000, 0x000000, 0x000000, 0x000000, 0x000000, 0x000000, 0x000000, 0x000000, 0x000000,/*"Unsupported",222*/

    0x000000, 0x000000, 0x000000, 0x000000, 0x000000, 0x000000, 0x000000, 0x000000, 0x000000, 0x000000, 0x000000, 0x000000, 0x000000, 0x000000, 0x000000, 0x000000,
    0x000000, 0x000000, 0x000000, 0x000000, 0x000000, 0x000000, 0x000000, 0x000000, 0x000000, 0x000000, 0x000000, 0x000000, 0x000000, 0x000000, 0x000000, 0x000000,
    0x000000, 0x000000, 0x000000, 0x000000, 0x000000, 0x000000, 0x000000, 0x000000, 0x000000, 0x000000, 0x000000, 0x000000, 0x000000, 0x000000, 0x000000, 0x000000,/*"Unsupported",223*/

    0x000000, 0x000000, 0x000000, 0x000000, 0x000000, 0x000000, 0x000000, 0x000000, 0x000000, 0x000000, 0x000000, 0x000000, 0x000000, 0x000000, 0x000000, 0x000000,
    0x000000, 0x000000, 0x000000, 0x000000, 0x000000, 0x000000, 0x000000, 0x000000, 0x000000, 0x000000, 0x000000, 0x000000, 0x000000, 0x000000, 0x000000, 0x000000,
    0x000000, 0x000000, 0x000000, 0x000000, 0x000000, 0x000000, 0x000000, 0x000000, 0x000000, 0x000000, 0x000000, 0x000000, 0x000000, 0x000000, 0x000000, 0x000000,/*"Unsupported",224*/

    0x000000, 0x000000, 0x000000, 0x000000, 0x000000, 0x000000, 0x000000, 0x000000, 0x000000, 0x000000, 0x000000, 0x000000, 0x000000, 0x000000, 0x000000, 0x000000,
    0x000000, 0x000000, 0x000000, 0x000000, 0x000000, 0x000000, 0x000000, 0x000000, 0x000000, 0x000000, 0x000000, 0x000000, 0x000000, 0x000000, 0x000000, 0x000000,
    0x000000, 0x000000, 0x000000, 0x000000, 0x000000, 0x000000, 0x000000, 0x000000, 0x000000, 0x000000, 0x000000, 0x000000, 0x000000, 0x000000, 0x000000, 0x000000,/*"Unsupported",225*/

    0x000000, 0x000000, 0x000000, 0x000000, 0x000000, 0x000000, 0x000000, 0x000000, 0x000000, 0x000000, 0x000000, 0x000000, 0x000000, 0x000000, 0x000000, 0x000000,
    0x000000, 0x000000, 0x000000, 0x000000, 0x000000, 0x000000, 0x000000, 0x000000, 0x000000, 0x000000, 0x000000, 0x000000, 0x000000, 0x000000, 0x000000, 0x000000,
    0x000000, 0x000000, 0x000000, 0x000000, 0x000000, 0x000000, 0x000000, 0x000000, 0x000000, 0x000000, 0x000000, 0x000000, 0x000000, 0x000000, 0x000000, 0x000000,/*"Unsupported",226*/

    0x000000, 0x000000, 0x000000, 0x000000, 0x000000, 0x000000, 0x000000, 0x000000, 0x000000, 0x000000, 0x000000, 0x000000, 0x000000, 0x000000, 0x000000, 0x000000,
    0x000000, 0x000000, 0x000000, 0x000000, 0x000000, 0x000000, 0x000000, 0x000000, 0x000000, 0x000000, 0x000000, 0x000000, 0x000000, 0x000000, 0x000000, 0x000000,
    0x000000, 0x000000, 0x000000, 0x000000, 0x000000, 0x000000, 0x000000, 0x000000, 0x000000, 0x000000, 0x000000, 0x000000, 0x000000, 0x000000, 0x000000, 0x000000,/*"Unsupported",227*/

    0x000000, 0x000000, 0x000000, 0x000000, 0x000000, 0x000000, 0x000000, 0x000000, 0x000000, 0x000000, 0x000000, 0x000000, 0x000000, 0x000000, 0x000000, 0x000000,
    0x000000, 0x000000, 0x000000, 0x000000, 0x000000, 0x000000, 0x000000, 0x000000, 0x000000, 0x000000, 0x000000, 0x000000, 0x000000, 0x000000, 0x000000, 0x000000,
    0x000000, 0x000000, 0x000000, 0x000000, 0x000000, 0x000000, 0x000000, 0x000000, 0x000000, 0x000000, 0x000000, 0x000000, 0x000000, 0x000000, 0x000000, 0x000000,/*"Unsupported",228*/

    0x000000, 0x000000, 0x000000, 0x000000, 0x000000, 0x000000, 0x000000, 0x000000, 0x000000, 0x000000, 0x000000, 0x000000, 0x000000, 0x000000, 0x000000, 0x000000,
    0x000000, 0x000000, 0x000000, 0x000000, 0x000000, 0x000000, 0x000000, 0x000000, 0x000000, 0x000000, 0x000000, 0x000000, 0x000000, 0x000000, 0x000000, 0x000000,
    0x000000, 0x000000, 0x000000, 0x000000, 0x000000, 0x000000, 0x000000, 0x000000, 0x000000, 0x000000, 0x000000, 0x000000, 0x000000, 0x000000, 0x000000, 0x000000,/*"Unsupported",229*/

    0x000000, 0x000000, 0x000000, 0x000000, 0x000000, 0x000000, 0x000000, 0x000000, 0x000000, 0x000000, 0x000000, 0x000000, 0x000000, 0x000000, 0x000000, 0x000000,
    0x000000, 0x000000, 0x000000, 0x000000, 0x000000, 0x000000, 0x000000, 0x000000, 0x000000, 0x000000, 0x000000, 0x000000, 0x000000, 0x000000, 0x000000, 0x000000,
    0x000000, 0x000000, 0x000000, 0x000000, 0x000000, 0x000000, 0x000000, 0x000000, 0x000000, 0x000000, 0x000000, 0x000000, 0x000000, 0x000000, 0x000000, 0x000000,/*"Unsupported",230*/

    0x000000, 0x000000, 0x000000, 0x000000, 0x000000, 0x000000, 0x000000, 0x000000, 0x000000, 0x000000, 0x000000, 0x000000, 0x000000, 0x000000, 0x000000, 0x000000,
    0x000000, 0x000000, 0x000000, 0x000000, 0x000000, 0x000000, 0x000000, 0x000000, 0x000000, 0x000000, 0x000000, 0x000000, 0x000000, 0x000000, 0x000000, 0x000000,
    0x000000, 0x000000, 0x000000, 0x000000, 0x000000, 0x000000, 0x000000, 0x000000, 0x000000, 0x000000, 0x000000, 0x000000, 0x000000, 0x000000, 0x000000, 0x000000,/*"Unsupported",231*/

    0x000000, 0x000000, 0x000000, 0x000000, 0x000000, 0x000000, 0x000000, 0x000000, 0x000000, 0x000000, 0x000000, 0x000000, 0x000000, 0x000000, 0x000000, 0x000000,
    0x000000, 0x000000, 0x000000, 0x000000, 0x000000, 0x000000, 0x000000, 0x000000, 0x000000, 0x000000, 0x000000, 0x000000, 0x000000, 0x000000, 0x000000, 0x000000,
    0x000000, 0x000000, 0x000000, 0x000000, 0x000000, 0x000000, 0x000000, 0x000000, 0x000000, 0x000000, 0x000000, 0x000000, 0x000000, 0x000000, 0x000000, 0x000000,/*"Unsupported",232*/

    0x000000, 0x000000, 0x000000, 0x000000, 0x000000, 0x000000, 0x000000, 0x000000, 0x000000, 0x000000, 0x000000, 0x000000, 0x000000, 0x000000, 0x000000, 0x000000,
    0x000000, 0x000000, 0x000000, 0x000000, 0x000000, 0x000000, 0x000000, 0x000000, 0x000000, 0x000000, 0x000000, 0x000000, 0x000000, 0x000000, 0x000000, 0x000000,
    0x000000, 0x000000, 0x000000, 0x000000, 0x000000, 0x000000, 0x000000, 0x000000, 0x000000, 0x000000, 0x000000, 0x000000, 0x000000, 0x000000, 0x000000, 0x000000,/*"Unsupported",233*/

    0x000000, 0x000000, 0x000000, 0x000000, 0x000000, 0x000000, 0x000000, 0x000000, 0x000000, 0x000000, 0x000000, 0x000000, 0x000000, 0x000000, 0x000000, 0x000000,
    0x000000, 0x000000, 0x000000, 0x000000, 0x000000, 0x000000, 0x000000, 0x000000, 0x000000, 0x000000, 0x000000, 0x000000, 0x000000, 0x000000, 0x000000, 0x000000,
    0x000000, 0x000000, 0x000000, 0x000000, 0x000000, 0x000000, 0x000000, 0x000000, 0x000000, 0x000000, 0x000000, 0x000000, 0x000000, 0x000000, 0x000000, 0x000000,/*"Unsupported",234*/

    0x000000, 0x000000, 0x000000, 0x000000, 0x000000, 0x000000, 0x000000, 0x000000, 0x000000, 0x000000, 0x000000, 0x000000, 0x000000, 0x000000, 0x000000, 0x000000,
    0x000000, 0x000000, 0x000000, 0x000000, 0x000000, 0x000000, 0x000000, 0x000000, 0x000000, 0x000000, 0x000000, 0x000000, 0x000000, 0x000000, 0x000000, 0x000000,
    0x000000, 0x000000, 0x000000, 0x000000, 0x000000, 0x000000, 0x000000, 0x000000, 0x000000, 0x000000, 0x000000, 0x000000, 0x000000, 0x000000, 0x000000, 0x000000,/*"Unsupported",235*/

    0x000000, 0x000000, 0x000000, 0x000000, 0x000000, 0x000000, 0x000000, 0x000000, 0x000000, 0x000000, 0x000000, 0x000000, 0x000000, 0x000000, 0x000000, 0x000000,
    0x000000, 0x000000, 0x000000, 0x000000, 0x000000, 0x000000, 0x000000, 0x000000, 0x000000, 0x000000, 0x000000, 0x000000, 0x000000, 0x000000, 0x000000, 0x000000,
    0x000000, 0x000000, 0x000000, 0x000000, 0x000000, 0x000000, 0x000000, 0x000000, 0x000000, 0x000000, 0x000000, 0x000000, 0x000000, 0x000000, 0x000000, 0x000000,/*"Unsupported",236*/

    0x000000, 0x000000, 0x000000, 0x000000, 0x000000, 0x000000, 0x000000, 0x000000, 0x000000, 0x000000, 0x000000, 0x000000, 0x000000, 0x000000, 0x000000, 0x000000,
    0x000000, 0x000000, 0x000000, 0x000000, 0x000000, 0x000000, 0x000000, 0x000000, 0x000000, 0x000000, 0x000000, 0x000000, 0x000000, 0x000000, 0x000000, 0x000000,
    0x000000, 0x000000, 0x000000, 0x000000, 0x000000, 0x000000, 0x000000, 0x000000, 0x000000, 0x000000, 0x000000, 0x000000, 0x000000, 0x000000, 0x000000, 0x000000,/*"Unsupported",237*/

    0x000000, 0x000000, 0x000000, 0x000000, 0x000000, 0x000000, 0x000000, 0x000000, 0x000000, 0x000000, 0x000000, 0x000000, 0x000000, 0x000000, 0x000000, 0x000000,
    0x000000, 0x000000, 0x000000, 0x000000, 0x000000, 0x000000, 0x000000, 0x000000, 0x000000, 0x000000, 0x000000, 0x000000, 0x000000, 0x000000, 0x000000, 0x000000,
    0x000000, 0x000000, 0x000000, 0x000000, 0x000000, 0x000000, 0x000000, 0x000000, 0x000000, 0x000000, 0x000000, 0x000000, 0x000000, 0x000000, 0x000000, 0x000000,/*"Unsupported",238*/

    0x000000, 0x000000, 0x000000, 0x000000, 0x000000, 0x000000, 0x000000, 0x000000, 0x000000, 0x000000, 0x000000, 0x000000, 0x000000, 0x000000, 0x000000, 0x000000,
    0x000000, 0x000000, 0x000000, 0x000000, 0x000000, 0x000000, 0x000000, 0x000000, 0x000000, 0x000000, 0x000000, 0x000000, 0x000000, 0x000000, 0x000000, 0x000000,
    0x000000, 0x000000, 0x000000, 0x000000, 0x000000, 0x000000, 0x000000, 0x000000, 0x000000, 0x000000, 0x000000, 0x000000, 0x000000, 0x000000, 0x000000, 0x000000,/*"Unsupported",239*/

    0x000000, 0x000000, 0x000000, 0x000000, 0x000000, 0x000000, 0x000000, 0x000000, 0x000000, 0x000000, 0x000000, 0x000000, 0x000000, 0x000000, 0x000000, 0x000000,
    0x000000, 0x000000, 0x000000, 0x000000, 0x000000, 0x000000, 0x000000, 0x000000, 0x000000, 0x000000, 0x000000, 0x000000, 0x000000, 0x000000, 0x000000, 0x000000,
    0x000000, 0x000000, 0x000000, 0x000000, 0x000000, 0x000000, 0x000000, 0x000000, 0x000000, 0x000000, 0x000000, 0x000000, 0x000000, 0x000000, 0x000000, 0x000000,/*"Unsupported",240*/

    0x000000, 0x000000, 0x000000, 0x000000, 0x000000, 0x000000, 0x000000, 0x000000, 0x000000, 0x000000, 0x000000, 0x000000, 0x000000, 0x000000, 0x000000, 0x000000,
    0x000000, 0x000000, 0x000000, 0x000000, 0x000000, 0x000000, 0x000000, 0x000000, 0x000000, 0x000000, 0x000000, 0x000000, 0x000000, 0x000000, 0x000000, 0x000000,
    0x000000, 0x000000, 0x000000, 0x000000, 0x000000, 0x000000, 0x000000, 0x000000, 0x000000, 0x000000, 0x000000, 0x000000, 0x000000, 0x000000, 0x000000, 0x000000,/*"Unsupported",241*/

    0x000000, 0x000000, 0x000000, 0x000000, 0x000000, 0x000000, 0x000000, 0x000000, 0x000000, 0x000000, 0x000000, 0x000000, 0x000000, 0x000000, 0x000000, 0x000000,
    0x000000, 0x000000, 0x000000, 0x000000, 0x000000, 0x000000, 0x000000, 0x000000, 0x000000, 0x000000, 0x000000, 0x000000, 0x000000, 0x000000, 0x000000, 0x000000,
    0x000000, 0x000000, 0x000000, 0x000000, 0x000000, 0x000000, 0x000000, 0x000000, 0x000000, 0x000000, 0x000000, 0x000000, 0x000000, 0x000000, 0x000000, 0x000000,/*"Unsupported",242*/

    0x000000, 0x000000, 0x000000, 0x000000, 0x000000, 0x000000, 0x000000, 0x000000, 0x000000, 0x000000, 0x000000, 0x000000, 0x000000, 0x000000, 0x000000, 0x000000,
    0x000000, 0x000000, 0x000000, 0x000000, 0x000000, 0x000000, 0x000000, 0x000000, 0x000000, 0x000000, 0x000000, 0x000000, 0x000000, 0x000000, 0x000000, 0x000000,
    0x000000, 0x000000, 0x000000, 0x000000, 0x000000, 0x000000, 0x000000, 0x000000, 0x000000, 0x000000, 0x000000, 0x000000, 0x000000, 0x000000, 0x000000, 0x000000,/*"Unsupported",243*/

    0x000000, 0x000000, 0x000000, 0x000000, 0x000000, 0x000000, 0x000000, 0x000000, 0x000000, 0x000000, 0x000000, 0x000000, 0x000000, 0x000000, 0x000000, 0x000000,
    0x000000, 0x000000, 0x000000, 0x000000, 0x000000, 0x000000, 0x000000, 0x000000, 0x000000, 0x000000, 0x000000, 0x000000, 0x000000, 0x000000, 0x000000, 0x000000,
    0x000000, 0x000000, 0x000000, 0x000000, 0x000000, 0x000000, 0x000000, 0x000000, 0x000000, 0x000000, 0x000000, 0x000000, 0x000000, 0x000000, 0x000000, 0x000000,/*"Unsupported",244*/

    0x000000, 0x000000, 0x000000, 0x000000, 0x000000, 0x000000, 0x000000, 0x000000, 0x000000, 0x000000, 0x000000, 0x000000, 0x000000, 0x000000, 0x000000, 0x000000,
    0x000000, 0x000000, 0x000000, 0x000000, 0x000000, 0x000000, 0x000000, 0x000000, 0x000000, 0x000000, 0x000000, 0x000000, 0x000000, 0x000000, 0x000000, 0x000000,
    0x000000, 0x000000, 0x000000, 0x000000, 0x000000, 0x000000, 0x000000, 0x000000, 0x000000, 0x000000, 0x000000, 0x000000, 0x000000, 0x000000, 0x000000, 0x000000,/*"Unsupported",245*/

    0x000000, 0x000000, 0x000000, 0x000000, 0x000000, 0x000000, 0x000000, 0x000000, 0x000000, 0x000000, 0x000000, 0x000000, 0x000000, 0x000000, 0x000000, 0x000000,
    0x000000, 0x000000, 0x000000, 0x000000, 0x000000, 0x000000, 0x000000, 0x000000, 0x000000, 0x000000, 0x000000, 0x000000, 0x000000, 0x000000, 0x000000, 0x000000,
    0x000000, 0x000000, 0x000000, 0x000000, 0x000000, 0x000000, 0x000000, 0x000000, 0x000000, 0x000000, 0x000000, 0x000000, 0x000000, 0x000000, 0x000000, 0x000000,/*"Unsupported",246*/

    0x000000, 0x000000, 0x000000, 0x000000, 0x000000, 0x000000, 0x000000, 0x000000, 0x000000, 0x000000, 0x000000, 0x000000, 0x000000, 0x000000, 0x000000, 0x000000,
    0x000000, 0x000000, 0x000000, 0x000000, 0x000000, 0x000000, 0x000000, 0x000000, 0x000000, 0x000000, 0x000000, 0x000000, 0x000000, 0x000000, 0x000000, 0x000000,
    0x000000, 0x000000, 0x000000, 0x000000, 0x000000, 0x000000, 0x000000, 0x000000, 0x000000, 0x000000, 0x000000, 0x000000, 0x000000, 0x000000, 0x000000, 0x000000,/*"Unsupported",247*/

    0x000000, 0x000000, 0x000000, 0x000000, 0x000000, 0x000000, 0x000000, 0x000000, 0x000000, 0x000000, 0x000000, 0x000000, 0x000000, 0x000000, 0x000000, 0x000000,
    0x000000, 0x000000, 0x000000, 0x000000, 0x000000, 0x000000, 0x000000, 0x000000, 0x000000, 0x000000, 0x000000, 0x000000, 0x000000, 0x000000, 0x000000, 0x000000,
    0x000000, 0x000000, 0x000000, 0x000000, 0x000000, 0x000000, 0x000000, 0x000000, 0x000000, 0x000000, 0x000000, 0x000000, 0x000000, 0x000000, 0x000000, 0x000000,/*"Unsupported",248*/

    0x000000, 0x000000, 0x000000, 0x000000, 0x000000, 0x000000, 0x000000, 0x000000, 0x000000, 0x000000, 0x000000, 0x000000, 0x000000, 0x000000, 0x000000, 0x000000,
    0x000000, 0x000000, 0x000000, 0x000000, 0x000000, 0x000000, 0x000000, 0x000000, 0x000000, 0x000000, 0x000000, 0x000000, 0x000000, 0x000000, 0x000000, 0x000000,
    0x000000, 0x000000, 0x000000, 0x000000, 0x000000, 0x000000, 0x000000, 0x000000, 0x000000, 0x000000, 0x000000, 0x000000, 0x000000, 0x000000, 0x000000, 0x000000,/*"Unsupported",249*/

    0x000000, 0x000000, 0x000000, 0x000000, 0x000000, 0x000000, 0x000000, 0x000000, 0x000000, 0x000000, 0x000000, 0x000000, 0x000000, 0x000000, 0x000000, 0x000000,
    0x000000, 0x000000, 0x000000, 0x000000, 0x000000, 0x000000, 0x000000, 0x000000, 0x000000, 0x000000, 0x000000, 0x000000, 0x000000, 0x000000, 0x000000, 0x000000,
    0x000000, 0x000000, 0x000000, 0x000000, 0x000000, 0x000000, 0x000000, 0x000000, 0x000000, 0x000000, 0x000000, 0x000000, 0x000000, 0x000000, 0x000000, 0x000000,/*"Unsupported",250*/

    0x000000, 0x000000, 0x000000, 0x000000, 0x000000, 0x000000, 0x000000, 0x000000, 0x000000, 0x000000, 0x000000, 0x000000, 0x000000, 0x000000, 0x000000, 0x000000,
    0x000000, 0x000000, 0x000000, 0x000000, 0x000000, 0x000000, 0x000000, 0x000000, 0x000000, 0x000000, 0x000000, 0x000000, 0x000000, 0x000000, 0x000000, 0x000000,
    0x000000, 0x000000, 0x000000, 0x000000, 0x000000, 0x000000, 0x000000, 0x000000, 0x000000, 0x000000, 0x000000, 0x000000, 0x000000, 0x000000, 0x000000, 0x000000,/*"Unsupported",251*/

    0x000000, 0x000000, 0x000000, 0x000000, 0x000000, 0x000000, 0x000000, 0x000000, 0x000000, 0x000000, 0x000000, 0x000000, 0x000000, 0x000000, 0x000000, 0x000000,
    0x000000, 0x000000, 0x000000, 0x000000, 0x000000, 0x000000, 0x000000, 0x000000, 0x000000, 0x000000, 0x000000, 0x000000, 0x000000, 0x000000, 0x000000, 0x000000,
    0x000000, 0x000000, 0x000000, 0x000000, 0x000000, 0x000000, 0x000000, 0x000000, 0x000000, 0x000000, 0x000000, 0x000000, 0x000000, 0x000000, 0x000000, 0x000000,/*"Unsupported",252*/

    0x000000, 0x000000, 0x000000, 0x000000, 0x000000, 0x000000, 0x000000, 0x000000, 0x000000, 0x000000, 0x000000, 0x000000, 0x000000, 0x000000, 0x000000, 0x000000,
    0x000000, 0x000000, 0x000000, 0x000000, 0x000000, 0x000000, 0x000000, 0x000000, 0x000000, 0x000000, 0x000000, 0x000000, 0x000000, 0x000000, 0x000000, 0x000000,
    0x000000, 0x000000, 0x000000, 0x000000, 0x000000, 0x000000, 0x000000, 0x000000, 0x000000, 0x000000, 0x000000, 0x000000, 0x000000, 0x000000, 0x000000, 0x000000,/*"Unsupported",253*/

    0x000000, 0x000000, 0x000000, 0x000000, 0x000000, 0x000000, 0x000000, 0x000000, 0x000000, 0x000000, 0x000000, 0x000000, 0x000000, 0x000000, 0x000000, 0x000000,
    0x000000, 0x000000, 0x000000, 0x000000, 0x000000, 0x000000, 0x000000, 0x000000, 0x000000, 0x000000, 0x000000, 0x000000, 0x000000, 0x000000, 0x000000, 0x000000,
    0x000000, 0x000000, 0x000000, 0x000000, 0x000000, 0x000000, 0x000000, 0x000000, 0x000000, 0x000000, 0x000000, 0x000000, 0x000000, 0x000000, 0x000000, 0x000000,/*"Unsupported",254*/

    0x000000, 0x000000, 0x000000, 0x000000, 0x000000, 0x000000, 0x000000, 0x000000, 0x000000, 0x000000, 0x000000, 0x000000, 0x000000, 0x000000, 0x000000, 0x000000,
    0x000000, 0x000000, 0x000000, 0x000000, 0x000000, 0x000000, 0x000000, 0x000000, 0x000000, 0x000000, 0x000000, 0x000000, 0x000000, 0x000000, 0x000000, 0x000000,
    0x000000, 0x000000, 0x000000, 0x000000, 0x000000, 0x000000, 0x000000, 0x000000, 0x000000, 0x000000, 0x000000, 0x000000, 0x000000, 0x000000, 0x000000, 0x000000,/*"Unsupported",255*/
};

#endif